order_id,order_date,customer_id,product,category,quantity,price,region,revenue
501335,2023-04-12,C100394,Футболка,Одежда,1,971.57,Санкт-Петербург,971.57
502957,2023-09-26,C100295,Умные часы,Электроника,1,6608.09,Санкт-Петербург,6608.09
502238,2023-05-05,C100793,Набор кастрюль,Дом и сад,1,4420.54,Санкт-Петербург,4420.54
502883,2023-02-23,C100762,Куртка,Одежда,1,6563.95,Москва,6563.95
501063,2023-07-07,C100723,Постельное белье,Дом и сад,1,2396.7,Новосибирск,2396.7
503283,2023-12-23,C100609,Набор косметики,Красота,2,2407.55,Москва,4815.1
503248,2023-11-12,C100518,Футболка,Одежда,1,1029.83,Екатеринбург,1029.83
502557,2023-09-02,C100171,Крем для лица,Красота,1,1101.27,Москва,1101.27
502313,2023-02-22,C100275,Парфюм,Красота,2,4072.16,Екатеринбург,8144.32
500848,2023-03-02,C100285,Футболка,Одежда,2,0.0,Новосибирск,1689.62
502514,2023-03-15,C100096,Бутылка для воды,Спорт,2,601.14,Санкт-Петербург,1202.28
502605,2023-07-21,C100274,Смартфон-чехол,Электроника,1,854.56,Санкт-Петербург,854.56
502113,2023-07-18,C100546,Крем для лица,Красота,2,1288.91,Москва,2577.82
501616,2023-10-27,C100791,Куртка,Одежда,1,7692.05,Москва,7692.05
501085,2023-04-20,C100069,Коврик для йоги,Спорт,1,1383.16,Казань,1383.16
501599,2023-08-08,C100182,Шампунь,Красота,1,613.55,Санкт-Петербург,613.55
501708,2023-11-12,C100582,Bluetooth-колонка,Электроника,2,3332.45,Москва,6664.9
500475,2023-01-10,C100569,Постельное белье,Дом и сад,1,2048.27,Москва,2048.27
500088,2023-02-20,C100457,Настольная лампа,Дом и сад,1,1614.15,Новосибирск,1614.15
502881,2023-10-06,C100061,Кроссовки,Одежда,1,4754.05,Москва,4754.05
503274,2023-12-23,C100838,Bluetooth-колонка,Электроника,1,3061.12,Москва,3061.12
500980,2023-01-15,C100457,Бутылка для воды,Спорт,2,584.73,Екатеринбург,1169.46
501052,2023-05-25,C100305,Набор кастрюль,Дом и сад,1,4467.68,Москва,4467.68
502093,2023-11-15,C100294,Bluetooth-колонка,Электроника,1,3100.62,Екатеринбург,3100.62
502357,2023-01-29,C100402,Bluetooth-колонка,Электроника,1,3640.03,Санкт-Петербург,3640.03
500125,2023-08-09,C100350,Powerbank,Электроника,1,1641.36,Москва,1641.36
503412,2023-12-13,C100828,Умные часы,Электроника,1,7281.89,Екатеринбург,7281.89
502956,2023-11-08,C100842,Bluetooth-колонка,Электроника,2,3387.42,Москва,6774.84
502927,2023-10-31,C100001,Гантели,Спорт,2,2256.99,Санкт-Петербург,4513.98
502389,2023-12-22,C100625,Гантели,Спорт,2,2309.68,Санкт-Петербург,4619.36
500195,2023-11-16,C100639,Bluetooth-колонка,Электроника,1,3149.34,Санкт-Петербург,3149.34
501611,2023-03-10,C100566,Плед,Дом и сад,2,1714.3,Москва,3428.6
501850,2023-07-22,C100514,Шапка,Одежда,1,646.56,Москва,646.56
501998,2023-12-26,C100117,Крем для лица,Красота,1,1322.43,Москва,1322.43
502757,2023-01-07,C100078,Наушники,Электроника,1,2338.14,Екатеринбург,2338.14
500890,2023-09-29,C100374,Парфюм,Красота,1,4133.62,Санкт-Петербург,4133.62
500930,2023-11-17,C100815,Органайзер,Дом и сад,1,899.81,Казань,899.81
502854,2023-12-13,C100757,Бутылка для воды,Спорт,1,648.84,Новосибирск,648.84
503206,2023-11-03,C100655,Постельное белье,Дом и сад,1,2344.65,Москва,2344.65
502456,2023-02-17,C100334,Бутылка для воды,Спорт,1,568.68,Казань,568.68
500515,2023-01-12,C100702,Джинсы,Одежда,1,3679.11,Москва,3679.11
502278,2023-02-21,C100390,Плед,Дом и сад,2,1722.31,Санкт-Петербург,3444.62
502549,2023-06-12,C100655,Постельное белье,Дом и сад,1,2127.19,Москва,2127.19
500768,2023-10-27,C100813,Умные часы,Электроника,2,6104.76,Москва,12209.52
500182,2023-12-14,C100786,Плед,Дом и сад,2,1651.87,Новосибирск,3303.74
500668,2023-06-27,C100589,Органайзер,Дом и сад,1,925.6,Екатеринбург,925.6
500428,2023-10-06,C100586,Bluetooth-колонка,Электроника,1,3571.31,Санкт-Петербург,3571.31
500790,2023-07-02,C100582,Набор косметики,Красота,1,2561.81,Екатеринбург,2561.81
502792,2023-11-14,C100702,Наушники,Электроника,1,2722.43,Казань,2722.43
500808,2023-02-07,C100162,Велоперчатки,Спорт,1,986.94,Екатеринбург,986.94
501239,2023-09-30,C100592,Гантели,Спорт,1,2341.1,Новосибирск,2341.1
501546,2023-04-16,C100374,Bluetooth-колонка,Электроника,1,3401.11,Санкт-Петербург,3401.11
502729,2023-12-09,C100845,Набор кастрюль,Дом и сад,1,4212.7,Казань,4212.7
500547,2023-09-18,C100792,Набор кастрюль,Дом и сад,1,3800.7,Москва,3800.7
502312,2023-08-05,C100217,Умные часы,Электроника,1,6485.44,Санкт-Петербург,6485.44
501128,2023-07-08,C100808,Органайзер,Дом и сад,1,876.58,Екатеринбург,876.58
503437,2023-12-21,C100707,Настольная лампа,Дом и сад,2,1535.59,Екатеринбург,3071.18
503254,2023-11-11,C100708,Powerbank,Электроника,1,1978.72,Москва,1978.72
500585,2023-04-08,C100295,Powerbank,Электроника,1,1805.24,Новосибирск,1805.24
501210,2023-06-27,C100828,Наушники,Электроника,1,2635.94,Санкт-Петербург,2635.94
502941,2023-01-03,C100627,Коврик для йоги,Спорт,1,1286.74,Казань,1286.74
500688,2023-07-25,C100455,Крем для лица,Красота,1,1368.35,Москва,1368.35
502784,2023-02-16,C100419,Парфюм,Красота,2,4222.12,Казань,8444.24
502540,2023-10-22,C100345,Органайзер,Дом и сад,1,900.16,Екатеринбург,900.16
502290,2023-08-13,C100378,Bluetooth-колонка,Электроника,1,3484.38,Казань,3484.38
501876,2023-06-10,C100338,Набор кастрюль,Дом и сад,1,3912.5,Казань,3912.5
501168,2023-06-09,C100026,Bluetooth-колонка,Электроника,1,3595.76,Москва,3595.76
501964,2023-12-31,C100199,Шампунь,Красота,1,590.36,Новосибирск,590.36
502388,2023-12-21,C100089,Органайзер,Дом и сад,1,888.4,Екатеринбург,888.4
500096,2023-11-05,C100136,Массажер,Красота,1,3847.42,Казань,3847.42
501078,2023-11-04,C100118,Умные часы,Электроника,1,6845.92,Санкт-Петербург,6845.92
500728,2023-06-04,C100235,Рюкзак спортивный,Спорт,1,3132.11,Казань,3132.11
500591,2023-01-16,C100694,Бутылка для воды,Спорт,2,636.9,Казань,1273.8
501391,2023-06-21,C100387,Органайзер,Дом и сад,1,985.82,Новосибирск,985.82
500965,2023-12-10,C100072,Кроссовки,Одежда,1,5959.06,Казань,5959.06
502527,2023-01-13,C100215,Парфюм,Красота,1,4039.12,Санкт-Петербург,4039.12
501376,2023-08-12,C100321,Крем для лица,Красота,1,1313.01,Екатеринбург,1313.01
503021,2023-02-11,C100006,Парфюм,Красота,2,3923.18,Новосибирск,7846.36
501545,2023-03-28,C100590,Крем для лица,Красота,1,1356.29,Новосибирск,1356.29
500775,2023-03-18,C100616,Джинсы,Одежда,2,3390.34,Санкт-Петербург,6780.68
500441,2023-06-18,C100126,Умные часы,Электроника,1,6081.21,Москва,6081.21
500799,2023-10-18,C100622,Powerbank,Электроника,1,2004.89,Казань,2004.89
500370,2023-07-17,C100541,Шампунь,Красота,1,608.33,Москва,608.33
501147,2023-04-06,C100305,Коврик для йоги,Спорт,1,1290.45,Новосибирск,1290.45
502014,2023-07-04,C100076,Органайзер,Дом и сад,1,882.62,Новосибирск,882.62
503193,2023-09-23,C100777,Бутылка для воды,Спорт,1,631.66,Москва,631.66
500486,2023-02-20,C100163,Набор косметики,Красота,1,2664.24,Казань,2664.24
500597,2023-08-03,C100563,Бутылка для воды,Спорт,1,619.56,Москва,619.56
501299,2023-09-23,C100293,Шампунь,Красота,1,518.02,Казань,518.02
502512,2023-01-10,C100161,Настольная лампа,Дом и сад,1,1681.91,Москва,1681.91
500570,2023-06-09,C100738,Шампунь,Красота,1,506.89,Москва,506.89
502677,2023-04-25,C100080,Шапка,Одежда,1,787.71,Екатеринбург,787.71
500613,2023-08-25,C100524,Шапка,Одежда,1,761.63,Санкт-Петербург,761.63
503413,2023-12-14,C100541,Крем для лица,Красота,3,1123.96,Новосибирск,3371.88
500076,2023-11-16,C100693,Шампунь,Красота,1,547.28,Санкт-Петербург,547.28
502773,2023-12-28,C100759,Рюкзак спортивный,Спорт,1,3340.7,Санкт-Петербург,3340.7
502764,2023-07-10,C100241,Настольная лампа,Дом и сад,1,1477.59,Новосибирск,1477.59
500921,2023-01-28,C100841,Органайзер,Дом и сад,1,913.91,Москва,913.91
500638,2023-11-16,C100453,Набор косметики,Красота,1,2612.05,Москва,2612.05
502320,2023-06-03,C100429,Кроссовки,Одежда,1,5615.08,Новосибирск,5615.08
503026,2023-12-27,C100161,Парфюм,Красота,1,3937.44,Москва,3937.44
500451,2023-07-28,C100233,Крем для лица,Красота,2,1180.98,Новосибирск,2361.96
500758,2023-02-12,C100054,Шампунь,Красота,1,616.68,Екатеринбург,616.68
500563,2023-04-13,C100483,Гантели,Спорт,1,2041.76,Москва,2041.76
502390,2023-04-05,C100362,Джинсы,Одежда,1,3618.03,Казань,3618.03
502379,2023-01-17,C100779,Джинсы,Одежда,2,3501.12,Казань,7002.24
500362,2023-04-14,C100538,Кроссовки,Одежда,1,4689.55,Москва,4689.55
501076,2023-12-23,C100504,Умные часы,Электроника,2,6738.87,Санкт-Петербург,13477.74
501442,2023-11-01,C100818,Powerbank,Электроника,1,1877.99,Москва,1877.99
500376,2023-08-11,C100570,Шапка,Одежда,1,662.01,Москва,662.01
502441,2023-01-16,C100610,Шапка,Одежда,1,645.47,Москва,645.47
502237,2023-11-10,C100420,Шампунь,Красота,2,520.5,Новосибирск,1041.0
501741,2023-06-11,C100600,Велоперчатки,Спорт,1,924.31,Казань,924.31
500540,2023-10-27,C100704,Коврик для йоги,Спорт,1,1402.84,Москва,1402.84
502968,2023-07-02,C100179,Массажер,Красота,1,4413.99,Казань,4413.99
502381,2023-07-19,C100538,Набор кастрюль,Дом и сад,1,4235.52,Казань,4235.52
500659,2023-05-16,C100539,Велоперчатки,Спорт,1,902.99,Санкт-Петербург,902.99
501715,2023-11-13,C100393,Рюкзак спортивный,Спорт,2,3744.07,Санкт-Петербург,7488.14
500446,2023-03-21,C100316,Рюкзак спортивный,Спорт,1,3890.88,,3890.88
503452,2023-11-06,C100562,Органайзер,Дом и сад,1,1029.47,Казань,1029.47
502153,2023-07-09,C100582,Органайзер,Дом и сад,1,856.52,Москва,856.52
500434,2023-03-29,C100417,Коврик для йоги,Спорт,1,1235.22,Москва,1235.22
500416,2023-11-30,C100000,Джинсы,Одежда,1,2936.39,Новосибирск,2936.39
502480,2023-08-12,C100749,Постельное белье,Дом и сад,2,2180.05,Новосибирск,4360.1
502889,2023-10-28,C100131,Рюкзак спортивный,Спорт,1,3426.99,Москва,3426.99
501230,2023-11-24,C100179,Рюкзак спортивный,Спорт,1,3855.68,Новосибирск,3855.68
503379,2023-11-18,C100116,Коврик для йоги,Спорт,1,1313.74,Санкт-Петербург,1313.74
501636,2023-11-30,C100693,Смартфон-чехол,Электроника,1,864.97,Москва,864.97
501096,2023-06-26,C100757,Шапка,Одежда,1,744.68,Москва,744.68
500641,2023-12-15,C100500,Настольная лампа,Дом и сад,1,1688.92,Екатеринбург,1688.92
501904,2023-01-27,C100734,Рюкзак спортивный,Спорт,1,3842.94,Санкт-Петербург,3842.94
500982,2023-06-18,C100807,Джинсы,Одежда,1,3165.04,Москва,3165.04
500899,2023-07-27,C100156,Крем для лица,Красота,1,1249.45,Новосибирск,1249.45
501293,2023-05-25,C100011,Массажер,Красота,1,4672.46,Санкт-Петербург,4672.46
503332,2023-12-01,C100378,Органайзер,Дом и сад,1,907.83,Москва,907.83
501816,2023-10-18,C100498,Органайзер,Дом и сад,2,840.07,Москва,1680.14
503142,2023-06-25,C100437,Bluetooth-колонка,Электроника,1,3203.51,Екатеринбург,3203.51
503102,2023-11-25,C100780,Футболка,Одежда,1,1030.75,Екатеринбург,1030.75
500984,2023-07-10,C100195,Джинсы,Одежда,1,3088.65,Екатеринбург,3088.65
503417,2023-11-12,C100553,Смартфон-чехол,Электроника,2,747.43,Екатеринбург,1494.86
502099,2023-10-09,C100182,Велоперчатки,Спорт,1,974.66,Москва,974.66
502572,2023-01-16,C100001,Коврик для йоги,Спорт,1,1443.93,Новосибирск,1443.93
500401,2023-11-06,C100214,Велоперчатки,Спорт,1,957.28,Екатеринбург,957.28
502691,2023-05-06,C100590,Набор косметики,Красота,2,2900.8,Санкт-Петербург,5801.6
500803,2023-08-27,C100571,Bluetooth-колонка,Электроника,1,3590.8,Москва,3590.8
500565,2023-07-06,C100219,Рюкзак спортивный,Спорт,3,3555.97,Москва,10667.91
500639,2023-12-14,C100759,Смартфон-чехол,Электроника,1,859.21,Новосибирск,859.21
500601,2023-03-15,C100394,Рюкзак спортивный,Спорт,1,3169.05,Новосибирск,3169.05
501623,2023-12-27,C100828,Powerbank,Электроника,1,1927.75,Москва,1927.75
501158,2023-11-12,C100702,Powerbank,Электроника,1,1785.02,Казань,1785.02
503134,2023-12-31,C100817,Джинсы,Одежда,1,3387.49,Москва,3387.49
501654,2023-12-02,C100022,Шампунь,Красота,1,624.4,Екатеринбург,624.4
501796,2023-10-10,C100336,Куртка,Одежда,2,7543.69,Москва,15087.38
500122,2023-10-09,C100572,Шампунь,Красота,1,525.52,Екатеринбург,525.52
503131,2023-09-03,C100233,Парфюм,Красота,1,3904.58,Казань,3904.58
501783,2023-05-19,C100606,Постельное белье,Дом и сад,1,2022.14,Москва,2022.14
500415,2023-05-28,C100230,Смартфон-чехол,Электроника,3,774.98,Екатеринбург,2324.94
501011,2023-05-12,C100654,Набор кастрюль,Дом и сад,1,4021.72,Санкт-Петербург,4021.72
502034,2023-03-25,C100294,Powerbank,Электроника,1,1876.25,Москва,1876.25
500207,2023-12-21,C100692,Рюкзак спортивный,Спорт,1,3542.04,Новосибирск,3542.04
500747,2023-06-02,C100254,Набор кастрюль,Дом и сад,1,4491.22,Москва,4491.22
503450,2023-11-26,C100292,Powerbank,Электроника,1,1806.49,Москва,1806.49
501972,2023-04-06,C100594,Парфюм,Красота,1,3675.53,Москва,3675.53
500503,2023-07-04,C100173,Постельное белье,Дом и сад,1,2064.72,Казань,2064.72
500849,2023-07-02,C100712,Умные часы,Электроника,1,7213.65,Новосибирск,7213.65
500940,2023-07-26,C100622,Футболка,Одежда,1,923.34,Новосибирск,923.34
501906,2023-07-08,C100070,Органайзер,Дом и сад,1,926.56,Казань,926.56
500035,2023-01-09,C100678,Постельное белье,Дом и сад,1,2352.85,Новосибирск,2352.85
501436,2023-01-22,C100151,Powerbank,Электроника,2,2002.37,Новосибирск,4004.74
501115,2023-11-01,C100831,Шапка,Одежда,1,666.63,Новосибирск,666.63
501528,2023-12-04,C100296,Постельное белье,Дом и сад,1,2085.97,Казань,2085.97
501321,2023-02-24,C100592,Умные часы,Электроника,2,6055.62,Москва,12111.24
501947,2023-05-25,C100296,Настольная лампа,Дом и сад,1,1587.51,Санкт-Петербург,1587.51
500187,2023-02-23,C100229,Bluetooth-колонка,Электроника,1,3530.01,Санкт-Петербург,3530.01
503259,2023-12-06,C100377,Гантели,Спорт,1,2346.15,Новосибирск,2346.15
503188,2023-08-05,C100833,Органайзер,Дом и сад,1,990.78,Москва,990.78
501278,2023-08-17,C100731,Постельное белье,Дом и сад,1,2002.31,Новосибирск,2002.31
501304,2023-03-05,C100133,Смартфон-чехол,Электроника,1,896.41,Санкт-Петербург,896.41
501810,2023-05-07,C100737,Куртка,Одежда,1,6808.09,Москва,6808.09
500245,2023-04-15,C100047,Органайзер,Дом и сад,1,905.31,Москва,905.31
501707,2023-10-26,C100564,Набор косметики,Красота,2,2417.94,Санкт-Петербург,4835.88
502269,2023-04-09,C100707,Парфюм,Красота,1,4338.48,Москва,4338.48
503219,2023-12-22,C100625,Гантели,Спорт,2,2309.68,Санкт-Петербург,4619.36
500978,2023-08-14,C100763,Органайзер,Дом и сад,1,917.79,Екатеринбург,917.79
501451,2023-12-24,C100227,Органайзер,Дом и сад,1,991.06,,991.06
500126,2023-12-10,C100819,Наушники,Электроника,1,2845.75,Екатеринбург,2845.75
500532,2023-09-03,C100198,Шапка,Одежда,1,682.44,Санкт-Петербург,682.44
500719,2023-04-20,C100205,Коврик для йоги,Спорт,1,1452.76,Москва,1452.76
502975,2023-12-11,C100396,Наушники,Электроника,1,2422.76,Москва,2422.76
501079,2023-05-13,C100168,Умные часы,Электроника,1,6604.16,Новосибирск,6604.16
500801,2023-06-21,C100376,Футболка,Одежда,1,820.22,Москва,820.22
500708,2023-06-23,C100005,Bluetooth-колонка,Электроника,1,3488.06,Новосибирск,3488.06
502615,2023-07-01,C100327,Бутылка для воды,Спорт,1,572.29,Екатеринбург,572.29
501016,2023-01-14,C100266,Крем для лица,Красота,1,1345.26,Москва,1345.26
500197,2023-05-19,C100766,Bluetooth-колонка,Электроника,2,3505.83,Москва,7011.66
503161,2023-10-19,C100609,Коврик для йоги,Спорт,1,1264.46,Москва,1264.46
501786,2023-12-28,C100152,Плед,Дом и сад,1,1864.3,Москва,1864.3
500512,2023-12-29,C100046,Футболка,Одежда,2,811.68,Санкт-Петербург,1623.36
500431,2023-08-17,C100300,Футболка,Одежда,2,950.14,Москва,1900.28
501853,2023-06-12,C100692,Плед,Дом и сад,2,1916.04,Санкт-Петербург,3832.08
501574,2023-03-01,C100011,Органайзер,Дом и сад,3,983.71,Казань,2951.13
502855,2023-04-25,C100811,Крем для лица,Красота,1,1254.77,Новосибирск,1254.77
502264,2023-11-20,C100235,Органайзер,Дом и сад,2,908.99,Новосибирск,1817.98
500922,2023-12-18,C100675,Плед,Дом и сад,2,1873.84,Москва,3747.68
503044,2023-12-28,C100831,Шампунь,Красота,1,495.79,Новосибирск,495.79
501207,2023-04-12,C100218,Кроссовки,Одежда,1,5043.18,Казань,5043.18
501893,2023-09-21,C100848,Бутылка для воды,Спорт,2,636.48,Санкт-Петербург,1272.96
502177,2023-08-21,C100077,Bluetooth-колонка,Электроника,1,3325.08,Санкт-Петербург,3325.08
503067,2023-09-30,C100702,Набор кастрюль,Дом и сад,1,4829.5,Москва,4829.5
500663,2023-07-13,C100693,Джинсы,Одежда,2,3470.05,Екатеринбург,6940.1
502974,2023-10-31,C100209,Крем для лица,Красота,1,1250.5,Новосибирск,1250.5
501258,2023-05-16,C100241,Набор кастрюль,Дом и сад,1,4405.32,Новосибирск,4405.32
500842,2023-05-07,C100516,Powerbank,Электроника,2,1917.24,Екатеринбург,3834.48
501087,2023-05-22,C100702,Шапка,Одежда,1,662.83,Санкт-Петербург,662.83
502282,2023-06-01,C100418,Смартфон-чехол,Электроника,1,858.91,Санкт-Петербург,858.91
503128,2023-08-31,C100589,Массажер,Красота,2,4432.67,Санкт-Петербург,8865.34
500802,2023-02-16,C100749,Джинсы,Одежда,1,3485.9,Екатеринбург,3485.9
502636,2023-07-25,C100731,Футболка,Одежда,1,949.1,Москва,949.1
500740,2023-01-21,C100352,Умные часы,Электроника,1,7444.09,Санкт-Петербург,7444.09
500700,2023-08-24,C100457,Набор косметики,Красота,1,2590.61,Казань,2590.61
501141,2023-02-24,C100497,Наушники,Электроника,1,2808.36,Санкт-Петербург,2808.36
502339,2023-04-09,C100637,Гантели,Спорт,1,2181.85,Новосибирск,2181.85
502461,2023-03-24,C100225,Массажер,Красота,1,3777.94,Казань,3777.94
501515,2023-09-28,C100378,Смартфон-чехол,Электроника,1,814.26,Казань,814.26
501679,2023-06-25,C100054,Куртка,Одежда,1,6574.94,Новосибирск,6574.94
500528,2023-06-05,C100637,Массажер,Красота,1,3866.05,Казань,3866.05
502163,2023-03-26,C100828,Плед,Дом и сад,2,1807.54,Новосибирск,3615.08
503080,2023-07-16,C100312,Кроссовки,Одежда,2,5866.36,Новосибирск,11732.72
501538,2023-06-20,C100341,Рюкзак спортивный,Спорт,1,3184.5,Санкт-Петербург,3184.5
503434,2023-12-08,C100001,Крем для лица,Красота,1,1094.55,Санкт-Петербург,1094.55
503287,2023-12-21,C100568,Бутылка для воды,Спорт,1,655.1,Москва,655.1
500326,2023-05-05,C100487,Шапка,Одежда,1,681.63,Москва,681.63
500319,2023-09-22,C100598,Набор кастрюль,Дом и сад,1,4608.6,Казань,4608.6
502847,2023-08-14,C100410,Коврик для йоги,Спорт,1,1308.49,Новосибирск,1308.49
501490,2023-12-29,C100516,Массажер,Красота,1,3899.79,Москва,3899.79
502188,2023-11-06,C100624,Набор кастрюль,Дом и сад,1,4624.08,Москва,4624.08
502674,2023-12-31,C100378,Умные часы,Электроника,1,6715.92,Москва,6715.92
501430,2023-04-19,C100812,Рюкзак спортивный,Спорт,1,3202.76,Екатеринбург,3202.76
501432,2023-03-03,C100209,Кроссовки,Одежда,2,5705.73,Санкт-Петербург,11411.46
501559,2023-04-11,C100258,Коврик для йоги,Спорт,1,1307.91,Екатеринбург,1307.91
502589,2023-10-04,C100702,Джинсы,Одежда,1,2992.53,Санкт-Петербург,2992.53
502574,2023-06-13,C100471,Куртка,Одежда,3,6475.61,Москва,19426.83
501182,2023-08-27,C100101,Настольная лампа,Дом и сад,1,1536.26,Москва,1536.26
501287,2023-02-06,C100693,Плед,Дом и сад,1,1631.54,Санкт-Петербург,1631.54
501760,2023-10-24,C100818,Набор кастрюль,Дом и сад,1,4115.04,Москва,4115.04
501245,2023-03-12,C100330,Умные часы,Электроника,1,6645.77,,6645.77
502453,2023-09-05,C100435,Умные часы,Электроника,1,6295.42,Санкт-Петербург,6295.42
501585,2023-04-01,C100354,Набор косметики,Красота,1,2626.38,Казань,2626.38
500188,2023-03-01,C100444,Крем для лица,Красота,1,1277.65,Москва,1277.65
500341,2023-04-22,C100835,Набор косметики,Красота,1,2701.11,Новосибирск,2701.11
501542,2023-03-09,C100191,Кроссовки,Одежда,1,5814.95,Москва,5814.95
503376,2023-12-26,C100757,Джинсы,Одежда,1,3190.71,Казань,3190.71
503230,2023-12-29,C100545,Набор косметики,Красота,1,2828.8,Новосибирск,2828.8
501322,2023-01-26,C100109,Коврик для йоги,Спорт,1,1321.68,Москва,1321.68
500856,2023-07-25,C100657,Умные часы,Электроника,1,5877.34,Казань,5877.34
500513,2023-01-09,C100173,Органайзер,Дом и сад,2,854.59,Казань,1709.18
500445,2023-04-15,C100418,Джинсы,Одежда,1,3414.87,Санкт-Петербург,3414.87
503166,2023-08-10,C100186,Наушники,Электроника,1,2707.47,Санкт-Петербург,2707.47
502231,2023-07-17,C100275,Гантели,Спорт,1,2317.99,Казань,2317.99
503033,2023-11-07,C100136,Плед,Дом и сад,1,1812.68,Казань,1812.68
500132,2023-02-06,C100092,Массажер,Красота,2,4127.47,Москва,8254.94
501831,2023-11-18,C100831,Bluetooth-колонка,Электроника,1,3120.97,Санкт-Петербург,3120.97
500667,2023-05-16,C100702,Парфюм,Красота,1,4110.56,Москва,4110.56
501117,2023-02-01,C100275,Массажер,Красота,1,4293.37,Екатеринбург,4293.37
502831,2023-04-11,C100462,Набор кастрюль,Дом и сад,1,4513.57,Москва,4513.57
502139,2023-01-31,C100273,Смартфон-чехол,Электроника,-1,845.81,Санкт-Петербург,845.81
501103,2023-03-13,C100809,Набор косметики,Красота,2,2471.29,Новосибирск,4942.58
502247,2023-07-06,C100410,Крем для лица,Красота,1,1311.93,Казань,1311.93
501601,2023-02-14,C100381,Постельное белье,Дом и сад,1,1925.07,Москва,1925.07
502032,2023-06-12,C100814,Умные часы,Электроника,1,6394.0,Санкт-Петербург,6394.0
501083,2023-12-03,C100197,Наушники,Электроника,1,2474.82,Екатеринбург,2474.82
500741,2023-07-11,C100330,Парфюм,Красота,1,4361.09,Санкт-Петербург,4361.09
502130,2023-03-31,C100347,Рюкзак спортивный,Спорт,1,3216.81,Казань,3216.81
501668,2023-05-31,C100272,Массажер,Красота,1,4088.59,Екатеринбург,4088.59
500297,2023-04-12,C100809,Наушники,Электроника,3,2620.84,Москва,7862.52
502742,2023-05-21,C100412,Bluetooth-колонка,Электроника,1,3618.22,Москва,3618.22
501782,2023-02-13,C100402,Смартфон-чехол,Электроника,1,849.75,Санкт-Петербург,849.75
500080,2023-12-26,C100013,Набор кастрюль,Дом и сад,1,4432.53,Москва,4432.53
501540,2023-03-15,C100757,Наушники,Электроника,1,2564.83,Москва,2564.83
502560,2023-10-19,C100063,Наушники,Электроника,1,2449.08,Новосибирск,2449.08
500718,2023-03-13,C100142,Bluetooth-колонка,Электроника,1,3388.09,Санкт-Петербург,3388.09
500421,2023-12-08,C100072,Шапка,Одежда,2,663.36,Санкт-Петербург,1326.72
502640,2023-01-22,C100553,Коврик для йоги,Спорт,1,1436.98,Санкт-Петербург,1436.98
501396,2023-07-27,C100680,Постельное белье,Дом и сад,1,2384.65,Новосибирск,2384.65
503222,2023-11-08,C100775,Плед,Дом и сад,2,1835.87,Казань,3671.74
500525,2023-04-19,C100563,Bluetooth-колонка,Электроника,1,3324.49,Екатеринбург,3324.49
503272,2023-12-03,C100287,Смартфон-чехол,Электроника,1,723.12,Москва,723.12
500620,2023-03-06,C100432,Шапка,Одежда,1,655.91,Казань,655.91
502368,2023-06-23,C100692,Коврик для йоги,Спорт,1,1181.36,Санкт-Петербург,1181.36
502935,2023-09-12,C100338,Рюкзак спортивный,Спорт,2,3855.43,Москва,7710.86
500378,2023-04-04,C100572,Набор косметики,Красота,1,2497.81,Казань,2497.81
501512,2023-05-30,C100615,Органайзер,Дом и сад,1,939.79,Москва,939.79
500524,2023-04-27,C100318,Коврик для йоги,Спорт,1,1303.97,Санкт-Петербург,1303.97
500733,2023-08-26,C100174,Постельное белье,Дом и сад,2,2019.63,Москва,4039.26
500583,2023-01-24,C100174,Постельное белье,Дом и сад,1,2299.03,Санкт-Петербург,2299.03
501227,2023-01-07,C100630,Кроссовки,Одежда,1,5224.61,Москва,5224.61
500181,2023-03-08,C100778,Настольная лампа,Дом и сад,1,1509.13,Санкт-Петербург,1509.13
502318,2023-05-06,C100637,Гантели,Спорт,1,2064.17,Санкт-Петербург,2064.17
502807,2023-09-16,C100191,Куртка,Одежда,1,7469.67,Новосибирск,7469.67
501059,2023-04-16,C100343,Кроссовки,Одежда,1,4685.02,Казань,4685.02
503282,2023-12-29,C100750,Набор кастрюль,Дом и сад,1,4752.73,Москва,4752.73
501527,2023-03-30,C100809,Рюкзак спортивный,Спорт,1,3301.87,Казань,3301.87
502467,2023-09-08,C100002,Набор косметики,Красота,1,2815.94,Новосибирск,2815.94
500633,2023-03-07,C100608,Гантели,Спорт,1,2347.78,Москва,2347.78
500071,2023-02-19,C100199,Бутылка для воды,Спорт,1,650.86,Екатеринбург,650.86
501941,2023-12-19,C100757,Bluetooth-колонка,Электроника,1,3146.07,Санкт-Петербург,3146.07
500201,2023-01-01,C100775,Настольная лампа,Дом и сад,2,1512.13,Казань,3024.26
502686,2023-02-11,C100711,Настольная лампа,Дом и сад,1,1401.58,Казань,1401.58
502926,2023-11-13,C100735,Шапка,Одежда,1,679.19,Казань,679.19
501091,2023-03-20,C100387,Bluetooth-колонка,Электроника,1,3035.02,Москва,3035.02
500665,2023-12-06,C100775,Рюкзак спортивный,Спорт,1,3591.64,Новосибирск,3591.64
501154,2023-10-20,C100842,Шампунь,Красота,2,503.13,Санкт-Петербург,1006.26
502577,2023-12-21,C100279,Наушники,Электроника,1,2500.53,Новосибирск,2500.53
503340,2023-12-17,C100671,Парфюм,Красота,1,4106.56,Екатеринбург,4106.56
503368,2023-12-04,C100142,Органайзер,Дом и сад,1,980.77,Новосибирск,980.77
500994,2023-02-05,C100608,Шапка,Одежда,2,784.01,Москва,1568.02
501415,2023-02-28,C100599,Powerbank,Электроника,1,1743.77,Санкт-Петербург,1743.77
501902,2023-09-27,C100394,Массажер,Красота,1,4220.06,Москва,4220.06
503285,2023-12-29,C100727,Куртка,Одежда,1,7205.09,Санкт-Петербург,7205.09
502496,2023-01-12,C100400,Powerbank,Электроника,1,1961.29,Санкт-Петербург,1961.29
502931,2023-08-27,C100603,Постельное белье,Дом и сад,1,2387.84,Санкт-Петербург,2387.84
502402,2023-05-23,C100731,Парфюм,Красота,1,4167.72,Москва,4167.72
501521,2023-02-19,C100158,Футболка,Одежда,1,977.75,Екатеринбург,977.75
502234,2023-02-02,C100363,Футболка,Одежда,1,839.4,Москва,839.4
502722,2023-10-01,C100599,Крем для лица,Красота,1,1142.49,Казань,1142.49
502347,2023-12-17,C100825,Bluetooth-колонка,Электроника,1,2971.07,Москва,2971.07
501097,2023-06-16,C100232,Массажер,Красота,1,4384.81,Москва,4384.81
501771,2023-09-05,C100044,Крем для лица,Красота,1,1182.22,Екатеринбург,1182.22
502963,2023-04-15,C100589,Bluetooth-колонка,Электроника,1,3019.17,Санкт-Петербург,3019.17
500413,2023-10-23,C100742,Куртка,Одежда,1,6273.09,Москва,6273.09
502179,2023-07-03,C100271,Джинсы,Одежда,1,3072.71,Новосибирск,3072.71
502695,2023-09-07,C100249,Шампунь,Красота,1,523.76,Москва,523.76
501975,2023-10-02,C100142,Шапка,Одежда,1,703.45,Казань,703.45
502428,2023-05-08,C100316,Массажер,Красота,1,3701.94,Москва,3701.94
501497,2023-09-24,C100129,Органайзер,Дом и сад,1,917.23,Санкт-Петербург,917.23
502730,2023-05-15,C100023,Bluetooth-колонка,Электроника,2,3116.7,Москва,6233.4
502109,2023-05-12,C100394,Коврик для йоги,Спорт,1,1227.49,Санкт-Петербург,1227.49
503454,2023-12-05,C100563,Набор кастрюль,Дом и сад,1,3950.66,Екатеринбург,3950.66
500269,2023-06-01,C100248,Парфюм,Красота,1,3790.75,Новосибирск,3790.75
500031,2023-04-23,C100316,Велоперчатки,Спорт,1,905.06,Москва,905.06
502548,2023-12-29,C100545,Набор косметики,Красота,1,2828.8,Новосибирск,2828.8
502949,2023-01-28,C100698,Джинсы,Одежда,1,3283.97,Москва,3283.97
503083,2023-05-08,C100600,Шампунь,Красота,2,560.91,Екатеринбург,1121.82
502621,2023-12-05,C100046,Куртка,Одежда,3,6644.47,Новосибирск,19933.41
500825,2023-09-24,C100238,Бутылка для воды,Спорт,1,592.36,Москва,592.36
500347,2023-03-01,C100063,Умные часы,Электроника,1,7070.51,,7070.51
500752,2023-12-06,C100697,Куртка,Одежда,1,7663.49,Москва,7663.49
503226,2023-11-15,C100176,Настольная лампа,Дом и сад,1,1487.6,Новосибирск,1487.6
501628,2023-07-04,C100754,Рюкзак спортивный,Спорт,1,3233.77,Москва,3233.77
502597,2023-05-17,C100321,Шампунь,Красота,1,625.35,Санкт-Петербург,625.35
502583,2023-03-09,C100195,Крем для лица,Красота,1,1254.05,Новосибирск,1254.05
500898,2023-01-02,C100498,Плед,Дом и сад,1,1681.64,Санкт-Петербург,1681.64
500796,2023-05-19,C100425,Органайзер,Дом и сад,1,876.45,Москва,876.45
500572,2023-10-10,C100223,Смартфон-чехол,Электроника,1,873.17,Москва,873.17
501548,2023-10-18,C100000,Смартфон-чехол,Электроника,1,721.86,Новосибирск,721.86
500950,2023-06-02,C100452,Наушники,Электроника,1,2383.66,Москва,2383.66
500306,2023-12-12,C100729,Наушники,Электроника,1,2697.56,Москва,2697.56
503329,2023-11-29,C100846,Органайзер,Дом и сад,1,916.15,Санкт-Петербург,916.15
501911,2023-05-03,C100418,Набор косметики,Красота,2,2738.73,Санкт-Петербург,5477.46
501529,2023-01-27,C100463,Футболка,Одежда,2,908.11,Санкт-Петербург,1816.22
503277,2023-12-31,C100199,Шампунь,Красота,1,590.36,Новосибирск,590.36
500284,2023-03-06,C100444,Джинсы,Одежда,1,2993.97,Санкт-Петербург,2993.97
503355,2023-11-12,C100541,Парфюм,Красота,1,4042.59,Новосибирск,4042.59
501307,2023-10-15,C100471,Крем для лица,Красота,1,1291.64,Новосибирск,1291.64
501797,2023-01-14,C100054,Набор косметики,Красота,1,2353.85,Казань,2353.85
501160,2023-12-13,C100828,Коврик для йоги,Спорт,1,1328.44,Екатеринбург,1328.44
501364,2023-10-06,C100602,Наушники,Электроника,2,2503.28,Москва,5006.56
502587,2023-12-01,C100155,Настольная лампа,Дом и сад,1,1685.42,Санкт-Петербург,1685.42
501988,2023-03-16,C100777,Парфюм,Красота,1,4069.16,Казань,4069.16
500673,2023-04-05,C100444,Парфюм,Красота,2,3511.57,Санкт-Петербург,7023.14
500992,2023-05-06,C100609,Бутылка для воды,Спорт,1,664.88,Москва,664.88
501040,2023-01-22,C100798,Парфюм,Красота,1,4362.33,Санкт-Петербург,4362.33
503118,2023-08-02,C100742,Бутылка для воды,Спорт,1,651.71,Санкт-Петербург,651.71
501372,2023-11-13,C100344,Рюкзак спортивный,Спорт,1,3590.28,Новосибирск,3590.28
501488,2023-07-28,C100759,Бутылка для воды,Спорт,1,556.15,Москва,556.15
503207,2023-11-17,C100387,Футболка,Одежда,1,851.78,Казань,851.78
503326,2023-11-07,C100783,Набор кастрюль,Дом и сад,1,3933.71,Санкт-Петербург,3933.71
501491,2023-11-19,C100031,Наушники,Электроника,1,2857.31,Екатеринбург,2857.31
501277,2023-05-17,C100817,Настольная лампа,Дом и сад,2,1419.09,Москва,2838.18
501594,2023-04-22,C100837,Велоперчатки,Спорт,1,878.4,Новосибирск,878.4
502437,2023-01-21,C100302,Гантели,Спорт,3,2041.3,Санкт-Петербург,6123.9
503323,2023-12-22,C100209,Велоперчатки,Спорт,1,915.94,Москва,915.94
503303,2023-11-10,C100420,Шампунь,Красота,2,520.5,Новосибирск,1041.0
503213,2023-11-04,C100700,Джинсы,Одежда,1,3452.78,Санкт-Петербург,3452.78
501817,2023-10-13,C100819,Рюкзак спортивный,Спорт,1,3426.45,Екатеринбург,3426.45
502876,2023-01-29,C100054,Настольная лампа,Дом и сад,1,1640.95,Новосибирск,1640.95
500281,2023-07-11,C100814,Шапка,Одежда,1,702.15,Москва,702.15
501375,2023-06-22,C100702,Набор косметики,Красота,1,2715.08,Новосибирск,2715.08
502018,2023-05-30,C100632,Джинсы,Одежда,1,3095.19,Казань,3095.19
503440,2023-12-21,C100064,Органайзер,Дом и сад,1,876.61,Москва,876.61
501006,2023-08-26,C100171,Футболка,Одежда,1,922.85,Санкт-Петербург,922.85
502699,2023-04-23,C100212,Шампунь,Красота,1,605.1,Москва,605.1
502311,2023-03-16,C100617,Настольная лампа,Дом и сад,1,1488.89,Екатеринбург,1488.89
501124,2023-12-23,C100235,Набор кастрюль,Дом и сад,1,4136.1,Казань,4136.1
501145,2023-05-13,C100191,Бутылка для воды,Спорт,1,617.87,Санкт-Петербург,617.87
501211,2023-07-07,C100597,Набор кастрюль,Дом и сад,2,4655.7,Екатеринбург,9311.4
502858,2023-06-22,C100293,Бутылка для воды,Спорт,-1,674.15,Москва,674.15
501539,2023-02-17,C100700,Наушники,Электроника,2,2845.91,Казань,5691.82
500357,2023-11-14,C100410,Bluetooth-колонка,Электроника,1,2936.52,Казань,2936.52
502403,2023-05-01,C100693,Настольная лампа,Дом и сад,1,1603.83,Москва,1603.83
503140,2023-07-16,C100791,Умные часы,Электроника,1,7045.61,Казань,7045.61
500359,2023-10-07,C100693,Рюкзак спортивный,Спорт,1,3495.05,Екатеринбург,3495.05
502702,2023-11-24,C100606,Массажер,Красота,1,3724.29,Москва,3724.29
500179,2023-05-12,C100564,Смартфон-чехол,Электроника,1,786.06,Москва,786.06
501055,2023-12-28,C100563,Органайзер,Дом и сад,1,941.13,Москва,941.13
501378,2023-11-21,C100552,Крем для лица,Красота,1,1163.8,Санкт-Петербург,1163.8
500450,2023-11-11,C100238,Набор кастрюль,Дом и сад,1,4249.14,Новосибирск,4249.14
501377,2023-06-10,C100564,Органайзер,Дом и сад,3,879.88,Новосибирск,2639.64
501618,2023-10-01,C100692,Bluetooth-колонка,Электроника,1,3149.01,Москва,3149.01
503152,2023-08-02,C100665,Умные часы,Электроника,1,5979.11,Екатеринбург,5979.11
500738,2023-05-12,C100315,Плед,Дом и сад,1,1822.97,Новосибирск,1822.97
501958,2023-07-02,C100402,Набор косметики,Красота,1,2611.44,Москва,2611.44
503349,2023-11-16,C100146,Кроссовки,Одежда,1,5614.26,Москва,5614.26
502853,2023-12-27,C100825,Джинсы,Одежда,1,3635.07,Екатеринбург,3635.07
500449,2023-04-17,C100513,Куртка,Одежда,1,6449.45,Санкт-Петербург,6449.45
500417,2023-12-15,C100614,Постельное белье,Дом и сад,1,2281.7,Москва,2281.7
500501,2023-02-26,C100188,Велоперчатки,Спорт,1,902.69,Екатеринбург,902.69
500735,2023-03-07,C100296,Органайзер,Дом и сад,1,956.29,Казань,956.29
503360,2023-12-04,C100606,Плед,Дом и сад,1,1953.13,Санкт-Петербург,1953.13
501981,2023-05-05,C100747,Крем для лица,Красота,1,1136.93,Екатеринбург,1136.93
502396,2023-06-13,C100075,Умные часы,Электроника,2,7140.14,Новосибирск,14280.28
502095,2023-07-24,C100444,Настольная лампа,Дом и сад,1,1528.19,Москва,1528.19
500363,2023-04-13,C100195,Bluetooth-колонка,Электроника,2,3005.02,Казань,6010.04
502012,2023-07-24,C100341,Крем для лица,Красота,1,1134.1,Санкт-Петербург,1134.1
501152,2023-03-15,C100786,Кроссовки,Одежда,1,4980.12,Новосибирск,4980.12
500706,2023-06-21,C100494,Плед,Дом и сад,1,1723.58,Москва,1723.58
502495,2023-10-28,C100423,Органайзер,Дом и сад,1,909.33,Екатеринбург,909.33
500268,2023-04-27,C100491,Органайзер,Дом и сад,1,937.75,Москва,937.75
500692,2023-01-25,C100282,Набор кастрюль,Дом и сад,1,4822.08,Москва,4822.08
503181,2023-03-08,C100399,Гантели,Спорт,1,2277.31,Казань,2277.31
502777,2023-10-20,C100315,Набор косметики,Красота,1,2602.81,Санкт-Петербург,2602.81
500934,2023-02-06,C100646,Гантели,Спорт,1,2212.11,Москва,2212.11
500533,2023-10-06,C100040,Плед,Дом и сад,1,1742.52,Москва,1742.52
501746,2023-09-29,C100581,Набор кастрюль,Дом и сад,1,4552.25,Москва,4552.25
503221,2023-11-03,C100514,Набор косметики,Красота,1,2856.96,Москва,2856.96
501243,2023-06-16,C100233,Джинсы,Одежда,1,2981.94,Москва,2981.94
500514,2023-12-31,C100290,Рюкзак спортивный,Спорт,1,3264.63,Санкт-Петербург,3264.63
501365,2023-01-22,C100797,Набор кастрюль,Дом и сад,1,4191.92,Новосибирск,4191.92
502176,2023-06-02,C100617,Рюкзак спортивный,Спорт,2,3687.71,Екатеринбург,7375.42
501275,2023-05-22,C100513,Органайзер,Дом и сад,2,944.3,Екатеринбург,1888.6
503120,2023-04-28,C100330,Джинсы,Одежда,2,3452.02,Санкт-Петербург,6904.04
503244,2023-12-14,C100243,Powerbank,Электроника,1,1825.27,Москва,1825.27
500013,2023-05-21,C100343,Bluetooth-колонка,Электроника,1,3348.48,Москва,3348.48
501264,2023-07-04,C100300,Бутылка для воды,Спорт,2,672.81,Екатеринбург,1345.62
502607,2023-06-26,C100592,Гантели,Спорт,2,2417.85,Москва,4835.7
500737,2023-05-06,C100043,Велоперчатки,Спорт,1,831.83,Москва,831.83
501385,2023-10-05,C100738,Умные часы,Электроника,1,6938.0,Екатеринбург,6938.0
500604,2023-10-01,C100213,Набор косметики,Красота,1,2543.2,Санкт-Петербург,2543.2
500593,2023-06-04,C100183,Органайзер,Дом и сад,2,830.67,Казань,1661.34
503077,2023-07-02,C100561,Набор косметики,Красота,1,2529.65,Москва,2529.65
500499,2023-07-30,C100293,Постельное белье,Дом и сад,1,1894.85,Москва,1894.85
502348,2023-07-19,C100078,Коврик для йоги,Спорт,1,1428.04,Москва,1428.04
502916,2023-05-18,C100597,Гантели,Спорт,1,2260.51,Москва,2260.51
503374,2023-12-11,C100001,Набор кастрюль,Дом и сад,1,4729.88,Москва,4729.88
502976,2023-01-19,C100457,Гантели,Спорт,1,2128.74,Москва,2128.74
503013,2023-12-20,C100173,Гантели,Спорт,1,2398.38,Санкт-Петербург,2398.38
500100,2023-07-17,C100119,Гантели,Спорт,1,2238.02,Казань,2238.02
503311,2023-11-07,C100675,Органайзер,Дом и сад,1,815.05,Санкт-Петербург,815.05
501513,2023-06-08,C100546,Массажер,Красота,2,4655.44,Санкт-Петербург,9310.88
501775,2023-10-30,C100060,Органайзер,Дом и сад,1,926.23,Санкт-Петербург,926.23
500702,2023-03-04,C100702,Умные часы,Электроника,1,6663.91,Санкт-Петербург,6663.91
501609,2023-01-21,C100566,Шапка,Одежда,1,660.03,Новосибирск,660.03
503419,2023-12-25,C100593,Джинсы,Одежда,1,3087.08,Санкт-Петербург,3087.08
502203,2023-05-18,C100136,Коврик для йоги,Спорт,1,1453.58,Санкт-Петербург,1453.58
500480,2023-12-07,C100599,Рюкзак спортивный,Спорт,1,3428.41,Новосибирск,3428.41
502635,2023-05-09,C100668,Шапка,Одежда,1,655.18,Новосибирск,655.18
502863,2023-02-03,C100022,Парфюм,Красота,1,3952.92,Екатеринбург,3952.92
503237,2023-12-05,C100155,Куртка,Одежда,1,7813.71,Екатеринбург,7813.71
501068,2023-02-04,C100601,Гантели,Спорт,1,2053.12,Москва,2053.12
501930,2023-10-08,C100182,Джинсы,Одежда,1,3193.06,Казань,3193.06
500562,2023-07-14,C100835,Кроссовки,Одежда,1,5924.87,Санкт-Петербург,5924.87
502761,2023-04-07,C100800,Смартфон-чехол,Электроника,1,745.12,Новосибирск,745.12
500855,2023-10-12,C100452,Гантели,Спорт,1,2034.13,Санкт-Петербург,2034.13
501514,2023-06-24,C100547,Настольная лампа,Дом и сад,1,1355.6,Новосибирск,1355.6
500260,2023-02-25,C100590,Органайзер,Дом и сад,2,1021.47,Екатеринбург,2042.94
501662,2023-06-22,C100233,Настольная лампа,Дом и сад,1,1524.37,Москва,1524.37
502774,2023-09-12,C100293,Набор кастрюль,Дом и сад,1,4341.72,Москва,4341.72
502491,2023-10-05,C100692,Наушники,Электроника,1,2669.94,Санкт-Петербург,2669.94
503123,2023-03-11,C100757,Bluetooth-колонка,Электроника,1,3009.23,Санкт-Петербург,3009.23
502051,2023-01-04,C100576,Наушники,Электроника,2,2328.05,Санкт-Петербург,4656.1
501352,2023-04-10,C100518,Постельное белье,Дом и сад,1,1924.61,Казань,1924.61
500896,2023-06-20,C100109,Бутылка для воды,Спорт,2,629.31,Новосибирск,1258.62
502322,2023-02-06,C100313,Настольная лампа,Дом и сад,1,1537.45,Санкт-Петербург,1537.45
503366,2023-11-29,C100373,Наушники,Электроника,1,2777.03,Москва,2777.03
503151,2023-10-04,C100330,Powerbank,Электроника,1,1977.75,Москва,1977.75
502103,2023-09-25,C100031,Коврик для йоги,Спорт,2,1395.14,Новосибирск,2790.28
500315,2023-02-24,C100235,Парфюм,Красота,1,3666.81,Санкт-Петербург,3666.81
502619,2023-03-02,C100452,Куртка,Одежда,-1,7515.71,Санкт-Петербург,7515.71
502384,2023-12-06,C100390,Гантели,Спорт,1,2354.31,Казань,2354.31
501781,2023-03-10,C100270,Гантели,Спорт,2,2016.02,Новосибирск,4032.04
502565,2023-05-08,C100179,Bluetooth-колонка,Электроника,1,3030.72,Москва,3030.72
500859,2023-07-14,C100418,Шампунь,Красота,2,583.4,Екатеринбург,1166.8
502888,2023-10-06,C100387,Набор косметики,Красота,1,2640.64,Екатеринбург,2640.64
502614,2023-10-14,C100207,Бутылка для воды,Спорт,1,595.23,Новосибирск,595.23
500743,2023-05-05,C100235,Крем для лица,Красота,1,1298.41,Новосибирск,1298.41
500653,2023-01-03,C100579,Крем для лица,Красота,1,1365.69,Казань,1365.69
502562,2023-08-08,C100809,Шапка,Одежда,1,771.5,Екатеринбург,771.5
501039,2023-04-14,C100338,Футболка,Одежда,1,911.45,Новосибирск,911.45
500652,2023-09-26,C100590,Постельное белье,Дом и сад,2,2034.64,Казань,4069.28
502950,2023-02-02,C100218,Настольная лампа,Дом и сад,1,1640.05,Москва,1640.05
501468,2023-04-07,C100550,Органайзер,Дом и сад,1,879.95,Москва,879.95
503428,2023-11-11,C100236,Постельное белье,Дом и сад,2,2376.39,Казань,4752.78
502308,2023-05-18,C100670,Органайзер,Дом и сад,1,1011.21,Казань,1011.21
502559,2023-09-27,C100102,Футболка,Одежда,1,814.25,Москва,814.25
501229,2023-06-30,C100592,Крем для лица,Красота,1,1270.15,Москва,1270.15
501692,2023-10-30,C100614,Коврик для йоги,Спорт,1,1253.8,Санкт-Петербург,1253.8
503098,2023-10-07,C100353,Кроссовки,Одежда,2,5338.72,Казань,10677.44
502200,2023-05-15,C100054,Коврик для йоги,Спорт,1,1381.53,Москва,1381.53
501051,2023-09-16,C100238,Массажер,Красота,1,4093.01,Новосибирск,4093.01
501257,2023-09-15,C100153,Набор кастрюль,Дом и сад,1,4029.93,Санкт-Петербург,4029.93
501778,2023-03-19,C100756,Крем для лица,Красота,1,1327.58,Москва,1327.58
501735,2023-10-18,C100050,Крем для лица,Красота,1,1284.87,Москва,1284.87
503091,2023-11-07,C100779,Bluetooth-колонка,Электроника,1,3212.57,Новосибирск,3212.57
503242,2023-11-09,C100134,Бутылка для воды,Спорт,1,588.95,Москва,588.95
501326,2023-10-13,C100418,Плед,Дом и сад,1,1663.53,Екатеринбург,1663.53
502159,2023-09-19,C100381,Крем для лица,Красота,1,1233.17,Санкт-Петербург,1233.17
500204,2023-08-10,C100732,Парфюм,Красота,1,3978.86,Новосибирск,3978.86
501927,2023-08-24,C100099,Умные часы,Электроника,1,6898.49,Москва,6898.49
502335,2023-10-08,C100777,Куртка,Одежда,1,7543.64,Новосибирск,7543.64
502842,2023-04-20,C100327,Коврик для йоги,Спорт,1,1258.14,Новосибирск,1258.14
501588,2023-03-25,C100121,Джинсы,Одежда,1,3285.42,Санкт-Петербург,3285.42
501777,2023-04-17,C100786,Powerbank,Электроника,1,1690.88,Москва,1690.88
500685,2023-03-01,C100713,Футболка,Одежда,1,984.86,Санкт-Петербург,984.86
500373,2023-10-08,C100020,Bluetooth-колонка,Электроника,1,2936.25,Санкт-Петербург,2936.25
500869,2023-12-29,C100173,Парфюм,Красота,1,3602.65,Москва,3602.65
502107,2023-06-25,C100378,Велоперчатки,Спорт,1,939.92,Екатеринбург,939.92
502544,2023-12-06,C100296,Гантели,Спорт,1,2018.51,Москва,2018.51
500963,2023-01-25,C100108,Bluetooth-колонка,Электроника,1,3610.83,Новосибирск,3610.83
500695,2023-01-04,C100578,Гантели,Спорт,1,2125.31,Санкт-Петербург,2125.31
502165,2023-03-11,C100208,Набор кастрюль,Дом и сад,1,4049.63,Санкт-Петербург,4049.63
502471,2023-07-12,C100092,Настольная лампа,Дом и сад,2,1637.04,Санкт-Петербург,3274.08
501532,2023-09-24,C100420,Постельное белье,Дом и сад,1,2351.75,Екатеринбург,2351.75
501295,2023-04-30,C100614,Рюкзак спортивный,Спорт,1,3651.07,Санкт-Петербург,3651.07
502627,2023-04-21,C100450,Куртка,Одежда,1,6840.97,Москва,6840.97
502500,2023-03-12,C100379,Шапка,Одежда,1,759.81,Екатеринбург,759.81
502253,2023-04-26,C100338,Плед,Дом и сад,1,1873.36,Казань,1873.36
502965,2023-11-20,C100355,Крем для лица,Красота,1,1363.29,Москва,1363.29
500225,2023-09-06,C100756,Набор кастрюль,Дом и сад,2,4827.56,Казань,9655.12
501848,2023-04-16,C100091,Набор косметики,Красота,1,2739.16,Санкт-Петербург,2739.16
500173,2023-05-24,C100756,Джинсы,Одежда,1,3161.08,Москва,3161.08
501135,2023-07-25,C100186,Набор косметики,Красота,1,2719.32,Екатеринбург,2719.32
500111,2023-07-11,C100734,Смартфон-чехол,Электроника,1,748.26,Новосибирск,748.26
501948,2023-08-23,C100586,Набор кастрюль,Дом и сад,1,4616.43,Казань,4616.43
502857,2023-03-18,C100452,Кроссовки,Одежда,1,5329.1,Санкт-Петербург,5329.1
502135,2023-07-29,C100138,Велоперчатки,Спорт,2,815.9,Санкт-Петербург,1631.8
501626,2023-07-03,C100751,Плед,Дом и сад,1,1840.66,Екатеринбург,1840.66
500256,2023-06-17,C100394,Джинсы,Одежда,1,2947.89,Екатеринбург,2947.89
501698,2023-09-17,C100822,Плед,Дом и сад,1,1622.73,Новосибирск,1622.73
503390,2023-12-28,C100831,Шампунь,Красота,1,495.79,Новосибирск,495.79
502259,2023-04-02,C100343,Органайзер,Дом и сад,1,949.9,Санкт-Петербург,949.9
500804,2023-04-28,C100726,Плед,Дом и сад,1,1640.93,Москва,1640.93
502799,2023-08-04,C100836,Шампунь,Красота,1,599.54,Санкт-Петербург,599.54
500588,2023-07-16,C100301,Шапка,Одежда,1,676.84,Москва,676.84
501773,2023-10-29,C100418,Наушники,Электроника,1,2272.15,Санкт-Петербург,2272.15
501978,2023-12-28,C100155,Плед,Дом и сад,1,1552.06,Новосибирск,1552.06
502689,2023-08-28,C100195,Плед,Дом и сад,2,1555.14,Москва,3110.28
500119,2023-02-10,C100166,Постельное белье,Дом и сад,1,2124.17,Екатеринбург,2124.17
500632,2023-08-27,C100374,Шампунь,Красота,1,552.93,Москва,552.93
502115,2023-04-01,C100534,Шапка,Одежда,1,766.27,Казань,766.27
501303,2023-11-02,C100830,Куртка,Одежда,1,7392.59,Москва,7392.59
502606,2023-05-31,C100373,Крем для лица,Красота,2,1258.03,Казань,2516.06
501766,2023-02-21,C100819,Органайзер,Дом и сад,3,922.54,Екатеринбург,2767.62
500009,2023-05-08,C100205,Шампунь,Красота,1,610.04,Новосибирск,610.04
503386,2023-12-03,C100423,Куртка,Одежда,1,7495.37,Москва,7495.37
501190,2023-09-21,C100569,Наушники,Электроника,2,2425.09,Казань,4850.18
502566,2023-02-05,C100692,Bluetooth-колонка,Электроника,1,2978.29,Москва,2978.29
503137,2023-01-03,C100614,Велоперчатки,Спорт,1,878.09,Казань,878.09
501419,2023-10-01,C100692,Рюкзак спортивный,Спорт,1,3533.2,Москва,3533.2
502031,2023-12-26,C100242,Плед,Дом и сад,1,1778.12,Москва,1778.12
502652,2023-08-30,C100155,Bluetooth-колонка,Электроника,1,3213.39,Новосибирск,3213.39
503443,2023-11-30,C100000,Джинсы,Одежда,1,2936.39,Новосибирск,2936.39
501956,2023-11-27,C100641,Парфюм,Красота,1,3501.15,Москва,3501.15
500276,2023-08-07,C100336,Смартфон-чехол,Электроника,1,804.8,Санкт-Петербург,804.8
502978,2023-06-24,C100184,Бутылка для воды,Спорт,1,681.9,Москва,681.9
503092,2023-12-06,C100076,Набор косметики,Красота,1,2608.28,Казань,2608.28
503158,2023-08-23,C100524,Органайзер,Дом и сад,1,965.72,Санкт-Петербург,965.72
500443,2023-05-13,C100395,Массажер,Красота,1,4046.57,Казань,4046.57
501298,2023-11-19,C100606,Набор косметики,Красота,1,2498.45,Новосибирск,2498.45
502443,2023-06-06,C100509,Джинсы,Одежда,1,3616.36,Екатеринбург,3616.36
502887,2023-02-06,C100760,Коврик для йоги,Спорт,1,1234.66,Санкт-Петербург,1234.66
500841,2023-12-21,C100759,Набор косметики,Красота,1,2429.18,Москва,2429.18
503195,2023-11-02,C100064,Шапка,Одежда,1,640.63,Санкт-Петербург,640.63
503006,2023-11-15,C100102,Смартфон-чехол,Электроника,2,811.04,Новосибирск,1622.08
502053,2023-12-03,C100807,Умные часы,Электроника,1,7465.67,Санкт-Петербург,7465.67
501236,2023-10-28,C100831,Умные часы,Электроника,2,6373.77,Москва,12747.54
502712,2023-08-27,C100102,Powerbank,Электроника,2,2032.94,Москва,4065.88
501537,2023-06-01,C100672,Джинсы,Одежда,1,3152.1,Москва,3152.1
500025,2023-05-13,C100363,Коврик для йоги,Спорт,1,1466.83,Казань,1466.83
502074,2023-01-05,C100792,Плед,Дом и сад,1,1770.82,Москва,1770.82
500058,2023-01-17,C100098,Куртка,Одежда,2,7229.74,Москва,14459.48
502406,2023-12-23,C100424,Bluetooth-колонка,Электроника,2,2962.46,Казань,5924.92
500191,2023-12-17,C100751,Набор кастрюль,Дом и сад,1,4335.1,Казань,4335.1
502330,2023-08-08,C100356,Постельное белье,Дом и сад,1,2139.96,Новосибирск,2139.96
502791,2023-11-01,C100116,Рюкзак спортивный,Спорт,1,3167.76,Москва,3167.76
502078,2023-11-26,C100219,Powerbank,Электроника,2,1874.44,Москва,3748.88
500493,2023-03-23,C100614,Кроссовки,Одежда,1,4879.86,Новосибирск,4879.86
501074,2023-10-30,C100064,Постельное белье,Дом и сад,1,2350.02,Новосибирск,2350.02
503424,2023-11-20,C100577,Велоперчатки,Спорт,1,1003.3,Новосибирск,1003.3
500003,2023-12-06,C100684,Bluetooth-колонка,Электроника,1,3186.67,Москва,3186.67
502420,2023-03-08,C100219,Бутылка для воды,Спорт,1,686.94,Москва,686.94
500142,2023-06-14,C100425,Powerbank,Электроника,1,2041.66,Москва,2041.66
501562,2023-12-11,C100387,Бутылка для воды,Спорт,2,640.7,Казань,1281.4
502145,2023-06-09,C100702,Шампунь,Красота,2,563.77,Москва,1127.54
501691,2023-12-08,C100780,Шампунь,Красота,1,520.04,Казань,520.04
502959,2023-06-21,C100249,Кроссовки,Одежда,1,5406.21,Екатеринбург,5406.21
502519,2023-05-09,C100692,Парфюм,Красота,2,4033.49,Москва,8066.98
501789,2023-01-11,C100440,Bluetooth-колонка,Электроника,1,3479.59,Екатеринбург,3479.59
501734,2023-03-31,C100609,Наушники,Электроника,1,2454.3,Москва,2454.3
500569,2023-02-01,C100779,Шампунь,Красота,1,549.46,Санкт-Петербург,549.46
502828,2023-10-06,C100109,Плед,Дом и сад,1,1686.22,Новосибирск,1686.22
501912,2023-06-30,C100652,Велоперчатки,Спорт,1,853.81,Москва,853.81
500721,2023-01-10,C100330,Bluetooth-колонка,Электроника,1,3298.77,Москва,3298.77
502538,2023-10-07,C100625,Наушники,Электроника,1,2323.88,Санкт-Петербург,2323.88
500944,2023-08-10,C100479,Кроссовки,Одежда,1,5364.62,Санкт-Петербург,5364.62
501943,2023-05-27,C100157,Кроссовки,Одежда,1,5187.0,Москва,5187.0
502639,2023-04-05,C100831,Наушники,Электроника,1,2749.57,Москва,2749.57
501544,2023-06-19,C100275,Джинсы,Одежда,1,3638.87,Санкт-Петербург,3638.87
502501,2023-11-30,C100492,Гантели,Спорт,1,2392.33,Казань,2392.33
502608,2023-10-28,C100848,Джинсы,Одежда,1,2948.53,Санкт-Петербург,2948.53
502623,2023-07-23,C100251,Bluetooth-колонка,Электроника,1,3380.05,Москва,3380.05
500750,2023-11-21,C100491,Куртка,Одежда,1,6875.91,Москва,6875.91
500993,2023-03-09,C100330,Гантели,Спорт,1,2218.78,Москва,2218.78
500427,2023-03-27,C100195,Органайзер,Дом и сад,2,882.41,Москва,1764.82
502545,2023-06-29,C100089,Куртка,Одежда,2,7397.62,Москва,14795.24
500834,2023-06-18,C100186,Смартфон-чехол,Электроника,2,724.74,Санкт-Петербург,1449.48
500884,2023-09-06,C100063,Кроссовки,Одежда,1,5489.05,Москва,5489.05
501721,2023-07-11,C100450,Массажер,Красота,1,4013.11,Москва,4013.11
500761,2023-05-29,C100570,Наушники,Электроника,1,2704.47,Екатеринбург,2704.47
503066,2023-07-22,C100378,Умные часы,Электроника,2,6791.69,Екатеринбург,13583.38
502446,2023-01-15,C100513,Powerbank,Электроника,1,2057.13,,2057.13
501109,2023-07-27,C100606,Набор кастрюль,Дом и сад,1,4032.99,Санкт-Петербург,4032.99
503279,2023-12-06,C100379,Набор кастрюль,Дом и сад,1,4443.06,Санкт-Петербург,4443.06
500424,2023-09-29,C100617,Bluetooth-колонка,Электроника,1,3068.36,Москва,3068.36
501225,2023-08-07,C100564,Набор кастрюль,Дом и сад,1,4591.47,Санкт-Петербург,4591.47
500579,2023-05-05,C100668,Шапка,Одежда,1,796.57,Екатеринбург,796.57
500279,2023-08-13,C100233,Плед,Дом и сад,1,1667.75,Новосибирск,1667.75
500152,2023-05-04,C100449,Настольная лампа,Дом и сад,1,1514.76,Москва,1514.76
500379,2023-04-23,C100513,Рюкзак спортивный,Спорт,1,3160.41,Москва,3160.41
503384,2023-11-30,C100492,Гантели,Спорт,1,2392.33,Казань,2392.33
500671,2023-04-16,C100225,Джинсы,Одежда,1,3006.73,Санкт-Петербург,3006.73
500677,2023-05-08,C100444,Футболка,Одежда,1,994.68,Новосибирск,994.68
501338,2023-05-12,C100589,Настольная лампа,Дом и сад,2,1472.01,Новосибирск,2944.02
502167,2023-10-16,C100158,Умные часы,Электроника,2,6184.37,Москва,12368.74
502521,2023-01-17,C100609,Powerbank,Электроника,1,1901.49,Новосибирск,1901.49
500387,2023-06-10,C100341,Парфюм,Красота,2,3985.77,Казань,7971.54
502343,2023-09-27,C100386,Bluetooth-колонка,Электроника,1,3004.52,Екатеринбург,3004.52
501852,2023-08-15,C100825,Наушники,Электроника,1,2786.23,Москва,2786.23
503399,2023-11-02,C100731,Рюкзак спортивный,Спорт,1,3514.59,Новосибирск,3514.59
502407,2023-03-24,C100063,Умные часы,Электроника,1,6941.08,Новосибирск,6941.08
503317,2023-12-04,C100584,Умные часы,Электроника,1,6592.65,Новосибирск,6592.65
500143,2023-03-09,C100740,Наушники,Электроника,1,2300.34,Москва,2300.34
503342,2023-12-25,C100694,Коврик для йоги,Спорт,1,1329.21,Санкт-Петербург,1329.21
502624,2023-03-04,C100464,Набор косметики,Красота,1,2686.42,Санкт-Петербург,2686.42
503027,2023-04-09,C100117,Гантели,Спорт,2,2259.47,Екатеринбург,4518.94
500452,2023-03-03,C100318,Парфюм,Красота,2,3720.64,Москва,7441.28
502212,2023-03-20,C100183,Велоперчатки,Спорт,1,986.74,Казань,986.74
502160,2023-12-21,C100760,Рюкзак спортивный,Спорт,1,3315.86,Москва,3315.86
502942,2023-09-22,C100708,Гантели,Спорт,1,2379.6,Москва,2379.6
502048,2023-04-11,C100570,Постельное белье,Дом и сад,1,2238.17,Санкт-Петербург,2238.17
502222,2023-08-14,C100572,Джинсы,Одежда,1,3176.84,Новосибирск,3176.84
503127,2023-03-11,C100393,Джинсы,Одежда,1,3401.32,Новосибирск,3401.32
500972,2023-03-01,C100331,Парфюм,Красота,2,3620.97,Новосибирск,7241.94
502005,2023-12-17,C100351,Набор косметики,Красота,1,2937.39,Москва,2937.39
501399,2023-08-23,C100544,Плед,Дом и сад,1,1630.13,Новосибирск,1630.13
500457,2023-06-15,C100837,Бутылка для воды,Спорт,1,621.73,Москва,621.73
501496,2023-07-09,C100693,Powerbank,Электроника,3,1622.0,Санкт-Петербург,4866.0
502752,2023-05-07,C100166,Плед,Дом и сад,2,1588.64,Санкт-Петербург,3177.28
501991,2023-09-01,C100758,Коврик для йоги,Спорт,1,1179.46,Казань,1179.46
502806,2023-07-23,C100124,Джинсы,Одежда,1,3553.15,Екатеринбург,3553.15
502490,2023-02-09,C100347,Парфюм,Красота,1,3869.28,Москва,3869.28
501033,2023-04-24,C100811,Набор кастрюль,Дом и сад,1,3782.71,Новосибирск,3782.71
500853,2023-11-12,C100518,Футболка,Одежда,1,1029.83,Екатеринбург,1029.83
501600,2023-02-16,C100650,Шампунь,Красота,1,527.43,Екатеринбург,527.43
502600,2023-02-25,C100569,Набор кастрюль,Дом и сад,1,4014.2,Казань,4014.2
502172,2023-08-13,C100399,Парфюм,Красота,1,3667.33,Москва,3667.33
501492,2023-01-15,C100431,Куртка,Одежда,1,6247.84,Москва,6247.84
500037,2023-09-23,C100492,Powerbank,Электроника,1,2037.13,Москва,2037.13
501122,2023-03-17,C100071,Массажер,Красота,1,3905.76,Новосибирск,3905.76
502746,2023-04-06,C100279,Джинсы,Одежда,1,3077.72,Екатеринбург,3077.72
502362,2023-04-29,C100630,Парфюм,Красота,1,3848.1,Новосибирск,3848.1
501136,2023-01-18,C100498,Гантели,Спорт,1,2262.05,Казань,2262.05
501268,2023-06-17,C100512,Бутылка для воды,Спорт,3,663.45,Казань,1990.35
501553,2023-08-21,C100160,Рюкзак спортивный,Спорт,2,3271.94,Санкт-Петербург,6543.88
502375,2023-12-26,C100757,Джинсы,Одежда,1,3190.71,Казань,3190.71
500101,2023-07-10,C100606,Велоперчатки,Спорт,1,994.39,Екатеринбург,994.39
502999,2023-10-07,C100334,Набор косметики,Красота,1,2694.46,Екатеринбург,2694.46
503420,2023-12-21,C100564,Настольная лампа,Дом и сад,1,1572.3,Екатеринбург,1572.3
502061,2023-07-09,C100008,Настольная лампа,Дом и сад,1,1369.6,Санкт-Петербург,1369.6
501123,2023-04-14,C100156,Крем для лица,Красота,2,1325.6,Санкт-Петербург,2651.2
501937,2023-12-23,C100609,Набор косметики,Красота,2,2407.55,Москва,4815.1
503037,2023-11-05,C100347,Смартфон-чехол,Электроника,1,866.99,Москва,866.99
500244,2023-06-09,C100086,Постельное белье,Дом и сад,1,1910.43,Новосибирск,1910.43
500420,2023-11-04,C100151,Велоперчатки,Спорт,2,878.27,Санкт-Петербург,1756.54
503093,2023-10-06,C100564,Джинсы,Одежда,1,3275.41,Санкт-Петербург,3275.41
501620,2023-04-16,C100376,Плед,Дом и сад,1,1771.8,Санкт-Петербург,1771.8
501003,2023-03-31,C100012,Постельное белье,Дом и сад,1,2304.97,Москва,2304.97
500038,2023-03-30,C100353,Шампунь,Красота,1,610.6,Москва,610.6
500891,2023-02-25,C100776,Джинсы,Одежда,1,3015.23,Москва,3015.23
501423,2023-08-18,C100453,Бутылка для воды,Спорт,1,668.12,Екатеринбург,668.12
502844,2023-01-15,C100508,Набор косметики,Красота,1,2443.04,Москва,2443.04
500072,2023-04-18,C100409,Кроссовки,Одежда,1,4968.54,Екатеринбург,4968.54
500227,2023-07-24,C100223,Шапка,Одежда,1,630.7,Москва,630.7
503298,2023-12-20,C100057,Парфюм,Красота,1,4294.79,Санкт-Петербург,4294.79
500670,2023-04-05,C100610,Настольная лампа,Дом и сад,2,1610.98,Москва,3221.96
501328,2023-10-01,C100431,Коврик для йоги,Спорт,1,1489.88,Санкт-Петербург,1489.88
502993,2023-04-07,C100378,Коврик для йоги,Спорт,1,1441.84,Москва,1441.84
502873,2023-08-14,C100359,Шапка,Одежда,1,714.96,Санкт-Петербург,714.96
501084,2023-10-18,C100099,Кроссовки,Одежда,2,5376.14,Москва,10752.28
501507,2023-03-28,C100831,Шампунь,Красота,1,516.61,Москва,516.61
501413,2023-02-13,C100213,Bluetooth-колонка,Электроника,2,3163.89,Екатеринбург,6327.78
500469,2023-06-14,C100432,Парфюм,Красота,1,3435.12,Новосибирск,3435.12
503350,2023-11-11,C100831,Плед,Дом и сад,1,1768.8,Санкт-Петербург,1768.8
500769,2023-09-10,C100606,Умные часы,Электроника,1,6671.98,Санкт-Петербург,6671.98
502709,2023-08-04,C100594,Powerbank,Электроника,1,1714.54,Екатеринбург,1714.54
503208,2023-11-18,C100040,Органайзер,Дом и сад,1,899.78,Москва,899.78
501196,2023-03-10,C100140,Органайзер,Дом и сад,1,1021.93,Казань,1021.93
502751,2023-03-31,C100760,Куртка,Одежда,3,6861.35,Москва,20584.05
503239,2023-11-29,C100412,Массажер,Красота,1,4468.47,Казань,4468.47
501219,2023-03-29,C100396,Куртка,Одежда,2,6745.47,Новосибирск,13490.94
500749,2023-10-20,C100599,Коврик для йоги,Спорт,1,1220.5,Москва,1220.5
502310,2023-07-13,C100608,Плед,Дом и сад,1,1828.14,Санкт-Петербург,1828.14
503375,2023-12-04,C100378,Гантели,Спорт,1,2385.82,Санкт-Петербург,2385.82
502917,2023-04-25,C100789,Парфюм,Красота,2,3610.54,Санкт-Петербург,7221.08
502467,2023-09-08,C100002,Набор косметики,Красота,1,2815.94,Новосибирск,2815.94
503354,2023-11-18,C100550,Набор косметики,Красота,1,2848.26,Санкт-Петербург,2848.26
502893,2023-11-04,C100497,Умные часы,Электроника,1,6818.07,Казань,6818.07
502374,2023-12-12,C100379,Велоперчатки,Спорт,1,945.06,Санкт-Петербург,945.06
503099,2023-11-02,C100474,Велоперчатки,Спорт,2,980.22,Москва,1960.44
501464,2023-04-11,C100033,Массажер,Красота,1,3932.72,Москва,3932.72
502513,2023-03-24,C100055,Бутылка для воды,Спорт,2,541.31,Санкт-Петербург,1082.62
501855,2023-02-26,C100140,Велоперчатки,Спорт,1,1013.14,Москва,1013.14
501800,2023-11-18,C100040,Органайзер,Дом и сад,1,899.78,Москва,899.78
500242,2023-12-04,C100378,Гантели,Спорт,1,2385.82,Санкт-Петербург,2385.82
503466,2023-12-07,C100449,Настольная лампа,Дом и сад,1,1606.69,Москва,1606.69
502955,2023-07-18,C100133,Бутылка для воды,Спорт,1,587.73,Санкт-Петербург,587.73
500527,2023-03-06,C100252,Массажер,Красота,1,4151.8,Санкт-Петербург,4151.8
500714,2023-03-20,C100660,Велоперчатки,Спорт,1,912.0,Казань,912.0
503103,2023-12-05,C100244,Набор косметики,Красота,1,2552.34,Новосибирск,2552.34
500787,2023-10-20,C100188,Наушники,Электроника,2,2702.65,Новосибирск,5405.3
500739,2023-03-31,C100404,Плед,Дом и сад,1,1807.26,Санкт-Петербург,1807.26
502819,2023-09-15,C100444,Плед,Дом и сад,1,1818.38,Казань,1818.38
501381,2023-07-04,C100158,Куртка,Одежда,3,6489.44,Санкт-Петербург,19468.32
501922,2023-03-21,C100294,Джинсы,Одежда,2,3601.57,Новосибирск,7203.14
501882,2023-10-30,C100514,Набор косметики,Красота,2,2724.57,Казань,5449.14
501524,2023-05-31,C100137,Powerbank,Электроника,1,1920.21,Новосибирск,1920.21
502554,2023-08-28,C100081,Смартфон-чехол,Электроника,2,840.77,Казань,1681.54
501694,2023-01-09,C100417,Bluetooth-колонка,Электроника,2,3407.74,Санкт-Петербург,6815.48
500430,2023-06-25,C100560,Парфюм,Красота,2,3624.59,Казань,7249.18
501344,2023-05-24,C100450,Кроссовки,Одежда,1,5283.29,Москва,5283.29
503165,2023-01-10,C100314,Шапка,Одежда,1,793.86,Екатеринбург,793.86
502705,2023-06-24,C100315,Парфюм,Красота,2,3969.18,Екатеринбург,7938.36
500264,2023-05-24,C100018,Набор косметики,Красота,1,2484.01,Москва,2484.01
501864,2023-09-07,C100566,Наушники,Электроника,1,2697.63,Москва,2697.63
500548,2023-10-20,C100822,Крем для лица,Красота,1,1215.36,Казань,1215.36
500455,2023-01-15,C100540,Футболка,Одежда,1,818.2,,818.2
500339,2023-09-25,C100361,Умные часы,Электроника,1,6254.43,Санкт-Петербург,6254.43
500027,2023-10-08,C100210,Футболка,Одежда,1,842.44,Новосибирск,842.44
502711,2023-02-12,C100848,Массажер,Красота,2,4709.3,Новосибирск,9418.6
500537,2023-09-06,C100513,Наушники,Электроника,1,2252.33,Санкт-Петербург,2252.33
501765,2023-02-16,C100751,Велоперчатки,Спорт,1,1001.25,Екатеринбург,1001.25
502789,2023-01-30,C100590,Куртка,Одежда,1,7232.52,Санкт-Петербург,7232.52
503116,2023-09-20,C100838,Куртка,Одежда,1,7699.29,Москва,7699.29
500001,2023-10-21,C100177,Постельное белье,Дом и сад,1,1916.45,Санкт-Петербург,1916.45
502630,2023-04-07,C100272,Коврик для йоги,Спорт,1,1459.5,Екатеринбург,1459.5
503156,2023-09-20,C100470,Смартфон-чехол,Электроника,1,772.41,Москва,772.41
500408,2023-06-28,C100751,Смартфон-чехол,Электроника,1,837.8,Москва,837.8
500061,2023-02-02,C100444,Органайзер,Дом и сад,1,889.81,Москва,889.81
500116,2023-05-16,C100564,Шампунь,Красота,1,616.9,Екатеринбург,616.9
501294,2023-04-17,C100064,Плед,Дом и сад,1,1588.79,Екатеринбург,1588.79
500581,2023-01-10,C100612,Умные часы,Электроника,1,6957.91,Москва,6957.91
502228,2023-09-10,C100538,Шампунь,Красота,1,621.5,Новосибирск,621.5
501926,2023-01-01,C100373,Кроссовки,Одежда,1,4869.93,Новосибирск,4869.93
501516,2023-11-11,C100594,Умные часы,Электроника,1,5852.07,Санкт-Петербург,5852.07
503301,2023-12-31,C100566,Велоперчатки,Спорт,1,929.48,Новосибирск,929.48
500751,2023-01-12,C100285,Куртка,Одежда,1,6312.83,Санкт-Петербург,6312.83
502365,2023-02-25,C100334,Куртка,Одежда,1,7622.3,Москва,7622.3
502022,2023-05-02,C100522,Powerbank,Электроника,1,1691.94,Екатеринбург,1691.94
500774,2023-01-17,C100756,Кроссовки,Одежда,2,5814.94,Санкт-Петербург,11629.88
501687,2023-03-27,C100018,Коврик для йоги,Спорт,1,1191.52,Екатеринбург,1191.52
502684,2023-02-02,C100316,Гантели,Спорт,1,2170.86,Новосибирск,2170.86
502981,2023-02-10,C100675,Парфюм,Красота,2,4113.76,Екатеринбург,8227.52
500578,2023-10-28,C100134,Плед,Дом и сад,1,1803.96,Казань,1803.96
501383,2023-05-11,C100695,Powerbank,Электроника,2,1851.58,Москва,3703.16
500644,2023-03-12,C100457,Bluetooth-колонка,Электроника,1,3316.51,Казань,3316.51
502882,2023-05-09,C100541,Умные часы,Электроника,1,6200.38,Москва,6200.38
503251,2023-12-23,C100424,Bluetooth-колонка,Электроника,2,2962.46,Казань,5924.92
500962,2023-11-16,C100146,Кроссовки,Одежда,1,5614.26,Москва,5614.26
502254,2023-11-04,C100551,Умные часы,Электроника,1,6733.44,Екатеринбург,6733.44
503250,2023-12-03,C100164,Наушники,Электроника,1,2618.6,Новосибирск,2618.6
502522,2023-07-04,C100295,Крем для лица,Красота,1,1190.03,Екатеринбург,1190.03
503235,2023-12-30,C100453,Гантели,Спорт,1,2499.08,Казань,2499.08
500171,2023-06-14,C100726,Кроссовки,Одежда,1,5780.94,Санкт-Петербург,5780.94
501471,2023-12-26,C100429,Смартфон-чехол,Электроника,2,729.28,Санкт-Петербург,1458.56
501180,2023-04-28,C100186,Набор кастрюль,Дом и сад,1,4223.03,Санкт-Петербург,4223.03
502632,2023-12-06,C100129,Джинсы,Одежда,1,3389.13,Казань,3389.13
502007,2023-01-14,C100437,Powerbank,Электроника,1,1640.96,Казань,1640.96
500885,2023-11-30,C100007,Набор кастрюль,Дом и сад,2,3910.1,Новосибирск,7820.2
500220,2023-06-21,C100276,Постельное белье,Дом и сад,1,2290.02,Санкт-Петербург,2290.02
500675,2023-02-07,C100198,Powerbank,Электроника,2,2020.14,Москва,4040.28
501602,2023-10-13,C100676,Бутылка для воды,Спорт,1,0.0,Новосибирск,686.12
501484,2023-03-19,C100006,Bluetooth-колонка,Электроника,1,3339.79,Казань,3339.79
501967,2023-09-22,C100702,Набор косметики,Красота,1,2584.72,Новосибирск,2584.72
500929,2023-12-18,C100593,Массажер,Красота,1,4608.79,Москва,4608.79
501237,2023-09-20,C100425,Постельное белье,Дом и сад,1,1999.19,Новосибирск,1999.19
502221,2023-08-04,C100835,Настольная лампа,Дом и сад,1,1660.92,Казань,1660.92
503061,2023-05-23,C100270,Бутылка для воды,Спорт,1,580.45,Москва,580.45
502133,2023-11-12,C100188,Наушники,Электроника,1,2831.68,Москва,2831.68
501209,2023-02-06,C100151,Джинсы,Одежда,2,3329.78,Новосибирск,6659.56
501569,2023-08-19,C100440,Органайзер,Дом и сад,1,1000.93,Казань,1000.93
501392,2023-06-30,C100512,Плед,Дом и сад,1,1740.95,Санкт-Петербург,1740.95
501398,2023-07-21,C100242,Плед,Дом и сад,1,1902.83,Москва,1902.83
502195,2023-12-05,C100117,Powerbank,Электроника,2,1752.64,Казань,3505.28
502016,2023-08-21,C100550,Шампунь,Красота,1,568.45,Санкт-Петербург,568.45
502502,2023-05-19,C100791,Кроссовки,Одежда,1,4713.26,Новосибирск,4713.26
500872,2023-12-12,C100233,Умные часы,Электроника,1,6652.62,Казань,6652.62
500254,2023-01-23,C100733,Парфюм,Красота,1,3620.63,Санкт-Петербург,3620.63
503041,2023-04-22,C100512,Рюкзак спортивный,Спорт,2,3329.88,Новосибирск,6659.76
500010,2023-08-11,C100338,Коврик для йоги,Спорт,1,1223.04,Новосибирск,1223.04
501309,2023-10-20,C100351,Плед,Дом и сад,1,1888.93,Екатеринбург,1888.93
501171,2023-11-07,C100493,Шапка,Одежда,1,667.48,Екатеринбург,667.48
502504,2023-05-21,C100165,Bluetooth-колонка,Электроника,1,3608.32,Санкт-Петербург,3608.32
503359,2023-12-29,C100812,Набор кастрюль,Дом и сад,1,4097.13,Москва,4097.13
500296,2023-10-01,C100807,Коврик для йоги,Спорт,2,1308.26,Екатеринбург,2616.52
503310,2023-12-07,C100565,Парфюм,Красота,1,4058.15,Санкт-Петербург,4058.15
500054,2023-06-20,C100158,Powerbank,Электроника,2,1661.9,Екатеринбург,3323.8
500477,2023-05-27,C100551,Гантели,Спорт,1,2502.27,Москва,2502.27
500329,2023-06-19,C100742,Органайзер,Дом и сад,1,870.27,Москва,870.27
500846,2023-02-04,C100831,Куртка,Одежда,1,6517.98,Москва,6517.98
501472,2023-06-07,C100606,Парфюм,Красота,1,4174.45,Екатеринбург,4174.45
500616,2023-02-13,C100322,Powerbank,Электроника,1,1749.54,Москва,1749.54
500271,2023-09-20,C100296,Кроссовки,Одежда,1,5388.48,Казань,5388.48
500302,2023-08-29,C100504,Рюкзак спортивный,Спорт,1,3134.24,Москва,3134.24
500366,2023-11-29,C100846,Органайзер,Дом и сад,1,916.15,Санкт-Петербург,916.15
502911,2023-06-03,C100238,Крем для лица,Красота,2,1084.2,Новосибирск,2168.4
501198,2023-02-09,C100570,Парфюм,Красота,1,4293.27,Екатеринбург,4293.27
501172,2023-05-19,C100075,Парфюм,Красота,1,3602.18,Новосибирск,3602.18
500745,2023-12-06,C100136,Крем для лица,Красота,1,1204.68,Санкт-Петербург,1204.68
502294,2023-08-26,C100606,Бутылка для воды,Спорт,1,655.36,Москва,655.36
503138,2023-03-15,C100836,Настольная лампа,Дом и сад,1,1644.65,Екатеринбург,1644.65
502060,2023-02-26,C100598,Набор кастрюль,Дом и сад,1,4357.64,Москва,4357.64
502058,2023-11-06,C100378,Парфюм,Красота,1,4196.48,Екатеринбург,4196.48
503381,2023-12-05,C100244,Набор косметики,Красота,1,2552.34,Новосибирск,2552.34
500263,2023-07-01,C100118,Настольная лампа,Дом и сад,2,1697.95,Санкт-Петербург,3395.9
500893,2023-03-29,C100490,Набор косметики,Красота,2,2799.39,Москва,5598.78
503189,2023-12-17,C100592,Футболка,Одежда,1,922.5,Екатеринбург,922.5
500192,2023-03-17,C100833,Шапка,Одежда,1,728.44,Москва,728.44
503276,2023-12-09,C100743,Powerbank,Электроника,1,1791.07,Екатеринбург,1791.07
501644,2023-07-10,C100064,Плед,Дом и сад,1,1901.8,Москва,1901.8
501265,2023-01-17,C100520,Куртка,Одежда,1,7127.47,Москва,7127.47
500375,2023-08-01,C100751,Кроссовки,Одежда,1,5914.53,Санкт-Петербург,5914.53
501253,2023-10-11,C100305,Рюкзак спортивный,Спорт,1,3292.92,Екатеринбург,3292.92
503133,2023-05-19,C100838,Массажер,Красота,1,3869.62,Санкт-Петербург,3869.62
501439,2023-10-07,C100843,Футболка,Одежда,2,976.66,Казань,1953.32
500292,2023-06-14,C100442,Bluetooth-колонка,Электроника,1,3305.14,Москва,3305.14
501728,2023-03-20,C100101,Смартфон-чехол,Электроника,1,797.11,Санкт-Петербург,797.11
500617,2023-10-05,C100302,Органайзер,Дом и сад,1,1007.78,Новосибирск,1007.78
501633,2023-10-31,C100760,Умные часы,Электроника,2,5967.27,Новосибирск,11934.54
503111,2023-04-06,C100158,Плед,Дом и сад,1,1925.36,Новосибирск,1925.36
501645,2023-10-18,C100523,Умные часы,Электроника,1,6030.63,Казань,6030.63
500985,2023-12-06,C100293,Бутылка для воды,Спорт,1,674.74,Казань,674.74
501407,2023-01-26,C100171,Велоперчатки,Спорт,1,950.75,Екатеринбург,950.75
500837,2023-05-08,C100818,Настольная лампа,Дом и сад,1,1491.34,Екатеринбург,1491.34
502068,2023-01-27,C100034,Коврик для йоги,Спорт,1,1403.01,Москва,1403.01
502845,2023-01-27,C100179,Массажер,Красота,1,4127.37,Екатеринбург,4127.37
501189,2023-10-08,C100733,Набор кастрюль,Дом и сад,2,4649.1,Санкт-Петербург,9298.2
501429,2023-08-13,C100065,Набор кастрюль,Дом и сад,1,4239.67,Новосибирск,4239.67
503271,2023-11-24,C100179,Рюкзак спортивный,Спорт,1,3855.68,Новосибирск,3855.68
502835,2023-03-02,C100254,Умные часы,Электроника,1,6430.29,Екатеринбург,6430.29
503398,2023-12-29,C100070,Шапка,Одежда,2,743.77,Санкт-Петербург,1487.54
503105,2023-02-08,C100516,Гантели,Спорт,1,2025.06,Казань,2025.06
502077,2023-08-05,C100071,Бутылка для воды,Спорт,1,634.59,Екатеринбург,634.59
502553,2023-04-11,C100546,Гантели,Спорт,1,2481.88,Екатеринбург,2481.88
500833,2023-05-21,C100601,Органайзер,Дом и сад,1,869.16,Екатеринбург,869.16
500180,2023-02-15,C100731,Настольная лампа,Дом и сад,1,1684.76,Москва,1684.76
501722,2023-11-13,C100177,Набор косметики,Красота,1,2767.25,Екатеринбург,2767.25
500691,2023-11-05,C100694,Настольная лампа,Дом и сад,2,1413.49,Казань,2826.98
502351,2023-10-17,C100295,Powerbank,Электроника,1,2057.88,Екатеринбург,2057.88
500471,2023-04-15,C100368,Велоперчатки,Спорт,1,900.49,Екатеринбург,900.49
502590,2023-04-30,C100464,Наушники,Электроника,1,2662.54,Москва,2662.54
502361,2023-07-07,C100158,Настольная лампа,Дом и сад,1,1618.85,Новосибирск,1618.85
500705,2023-02-04,C100693,Велоперчатки,Спорт,1,894.66,Казань,894.66
500489,2023-04-02,C100579,Коврик для йоги,Спорт,1,1434.84,Казань,1434.84
502142,2023-10-28,C100151,Бутылка для воды,Спорт,2,609.51,Москва,1219.02
500603,2023-07-16,C100134,Bluetooth-колонка,Электроника,2,3610.07,Санкт-Петербург,7220.14
501017,2023-03-16,C100294,Набор косметики,Красота,1,2937.7,Казань,2937.7
501217,2023-09-25,C100624,Органайзер,Дом и сад,1,842.76,Москва,842.76
502168,2023-01-29,C100007,Джинсы,Одежда,1,3338.88,Екатеринбург,3338.88
500052,2023-07-10,C100483,Шапка,Одежда,1,630.47,Санкт-Петербург,630.47
501458,2023-09-05,C100623,Шампунь,Красота,1,616.35,Москва,616.35
502528,2023-10-10,C100838,Бутылка для воды,Спорт,1,571.03,Казань,571.03
501223,2023-08-12,C100386,Шапка,Одежда,1,693.34,Санкт-Петербург,693.34
502769,2023-05-09,C100515,Футболка,Одежда,1,1034.4,Санкт-Петербург,1034.4
503433,2023-12-08,C100294,Наушники,Электроника,1,2727.59,Санкт-Петербург,2727.59
503082,2023-06-27,C100459,Куртка,Одежда,1,6856.22,Москва,6856.22
500064,2023-08-27,C100625,Джинсы,Одежда,1,3548.69,Казань,3548.69
500770,2023-07-12,C100742,Набор косметики,Красота,1,2490.09,Москва,2490.09
501224,2023-01-19,C100750,Рюкзак спортивный,Спорт,1,3505.88,Санкт-Петербург,3505.88
502532,2023-11-05,C100675,Powerbank,Электроника,1,1973.76,Санкт-Петербург,1973.76
501934,2023-01-12,C100734,Набор косметики,Красота,1,2589.88,Москва,2589.88
500820,2023-08-20,C100563,Массажер,Красота,1,4406.8,Новосибирск,4406.8
500781,2023-02-01,C100751,Коврик для йоги,Спорт,1,1236.45,Москва,1236.45
502646,2023-01-25,C100273,Наушники,Электроника,2,2818.98,Екатеринбург,5637.96
502910,2023-07-29,C100045,Джинсы,Одежда,1,3376.7,Екатеринбург,3376.7
500211,2023-08-30,C100140,Парфюм,Красота,1,3830.71,Екатеринбург,3830.71
500753,2023-09-13,C100581,Джинсы,Одежда,1,2940.07,Екатеринбург,2940.07
502877,2023-05-24,C100645,Набор косметики,Красота,1,2595.75,Москва,2595.75
501167,2023-05-29,C100578,Набор косметики,Красота,1,2417.63,Санкт-Петербург,2417.63
502808,2023-03-20,C100293,Футболка,Одежда,1,872.72,Екатеринбург,872.72
502569,2023-12-24,C100062,Настольная лампа,Дом и сад,1,1553.65,Санкт-Петербург,1553.65
501380,2023-11-28,C100599,Умные часы,Электроника,1,7293.82,Казань,7293.82
503121,2023-12-03,C100423,Куртка,Одежда,1,7495.37,Москва,7495.37
501615,2023-01-17,C100353,Шампунь,Красота,1,610.89,Новосибирск,610.89
501284,2023-04-10,C100636,Футболка,Одежда,1,986.31,Москва,986.31
502537,2023-02-14,C100324,Куртка,Одежда,1,7477.11,Новосибирск,7477.11
500717,2023-06-19,C100495,Набор кастрюль,Дом и сад,1,3820.14,Екатеринбург,3820.14
502986,2023-04-07,C100425,Футболка,Одежда,1,1000.54,Москва,1000.54
501388,2023-01-06,C100223,Рюкзак спортивный,Спорт,1,3350.91,Казань,3350.91
502518,2023-12-28,C100470,Гантели,Спорт,3,2140.95,Москва,6422.85
500340,2023-08-30,C100843,Парфюм,Красота,1,4333.91,Москва,4333.91
500736,2023-04-27,C100330,Рюкзак спортивный,Спорт,1,3744.0,Москва,3744.0
501716,2023-01-19,C100750,Шампунь,Красота,1,513.34,Санкт-Петербург,513.34
502586,2023-11-23,C100152,Коврик для йоги,Спорт,1,1265.11,Новосибирск,1265.11
500551,2023-03-23,C100001,Куртка,Одежда,1,6871.88,Москва,6871.88
500518,2023-02-04,C100272,Футболка,Одежда,1,847.94,,847.94
503328,2023-12-11,C100235,Набор косметики,Красота,1,2361.73,Москва,2361.73
502042,2023-04-26,C100032,Куртка,Одежда,1,7785.01,Москва,7785.01
502520,2023-12-05,C100157,Велоперчатки,Спорт,2,814.63,Новосибирск,1629.26
503313,2023-12-07,C100526,Куртка,Одежда,1,7747.36,Екатеринбург,7747.36
502306,2023-10-23,C100588,Настольная лампа,Дом и сад,1,1566.51,Москва,1566.51
501785,2023-01-23,C100609,Бутылка для воды,Спорт,2,641.97,Москва,1283.94
502654,2023-02-13,C100641,Powerbank,Электроника,1,1869.57,Новосибирск,1869.57
501482,2023-11-01,C100564,Постельное белье,Дом и сад,1,2014.68,Санкт-Петербург,2014.68
502333,2023-11-26,C100828,Органайзер,Дом и сад,1,918.24,Москва,918.24
502209,2023-07-10,C100099,Шампунь,Красота,1,611.93,Санкт-Петербург,611.93
501272,2023-09-29,C100081,Массажер,Красота,1,3755.8,Новосибирск,3755.8
500843,2023-01-26,C100757,Джинсы,Одежда,2,3162.25,Новосибирск,6324.5
501348,2023-10-02,C100129,Органайзер,Дом и сад,1,1022.73,Москва,1022.73
500021,2023-01-25,C100734,Настольная лампа,Дом и сад,1,1582.47,Москва,1582.47
502245,2023-02-21,C100321,Гантели,Спорт,1,2162.25,Москва,2162.25
500880,2023-01-02,C100386,Парфюм,Красота,1,4066.92,Санкт-Петербург,4066.92
503113,2023-01-22,C100550,Куртка,Одежда,1,6120.94,Казань,6120.94
502966,2023-06-28,C100450,Крем для лица,Красота,1,1159.37,Санкт-Петербург,1159.37
502817,2023-11-24,C100455,Плед,Дом и сад,1,1566.61,Москва,1566.61
500786,2023-03-04,C100000,Шапка,Одежда,1,658.19,Санкт-Петербург,658.19
501959,2023-02-27,C100155,Органайзер,Дом и сад,1,833.18,Москва,833.18
500864,2023-12-05,C100608,Плед,Дом и сад,1,1689.29,Новосибирск,1689.29
503316,2023-12-16,C100690,Кроссовки,Одежда,1,4773.37,Казань,4773.37
500960,2023-04-21,C100014,Шампунь,Красота,2,613.25,Москва,1226.5
503011,2023-06-14,C100751,Массажер,Красота,2,4103.41,Санкт-Петербург,8206.82
500355,2023-03-04,C100014,Кроссовки,Одежда,2,5022.35,Москва,10044.7
503225,2023-11-12,C100158,Джинсы,Одежда,1,3308.51,Екатеринбург,3308.51
501696,2023-03-22,C100334,Постельное белье,Дом и сад,2,2091.31,Екатеринбург,4182.62
503335,2023-12-28,C100759,Рюкзак спортивный,Спорт,1,3340.7,Санкт-Петербург,3340.7
501226,2023-12-25,C100267,Powerbank,Электроника,1,1861.35,Казань,1861.35
502085,2023-10-23,C100512,Умные часы,Электроника,1,6809.06,Екатеринбург,6809.06
502880,2023-03-07,C100410,Набор косметики,Красота,1,2954.3,Казань,2954.3
501397,2023-10-06,C100162,Powerbank,Электроника,1,1681.88,Новосибирск,1681.88
502359,2023-02-07,C100720,Кроссовки,Одежда,2,5486.88,Новосибирск,10973.76
502971,2023-05-27,C100437,Шампунь,Красота,2,570.21,Москва,1140.42
502465,2023-06-01,C100109,Куртка,Одежда,1,7224.58,Екатеринбург,7224.58
500730,2023-03-06,C100592,Футболка,Одежда,1,822.59,Санкт-Петербург,822.59
502604,2023-07-26,C100762,Плед,Дом и сад,1,1830.71,Санкт-Петербург,1830.71
500059,2023-01-04,C100586,Наушники,Электроника,1,2840.5,Екатеринбург,2840.5
502091,2023-12-17,C100062,Массажер,Красота,1,3790.41,Москва,3790.41
502372,2023-01-19,C100071,Гантели,Спорт,1,2108.0,Москва,2108.0
502273,2023-02-18,C100338,Органайзер,Дом и сад,2,987.51,Санкт-Петербург,1975.02
502907,2023-02-14,C100412,Велоперчатки,Спорт,1,853.07,Новосибирск,853.07
502147,2023-08-11,C100759,Велоперчатки,Спорт,1,904.57,Санкт-Петербург,904.57
500215,2023-02-22,C100848,Смартфон-чехол,Электроника,1,814.19,Москва,814.19
501181,2023-03-09,C100704,Органайзер,Дом и сад,1,939.7,Санкт-Петербург,939.7
501142,2023-03-13,C100442,Постельное белье,Дом и сад,1,2023.7,Москва,2023.7
503330,2023-12-02,C100313,Футболка,Одежда,1,1011.51,Санкт-Петербург,1011.51
501992,2023-10-31,C100104,Куртка,Одежда,2,6562.24,Казань,13124.48
501822,2023-03-31,C100303,Куртка,Одежда,1,6961.25,Санкт-Петербург,6961.25
501990,2023-07-12,C100420,Футболка,Одежда,1,876.42,Москва,876.42
502062,2023-08-10,C100510,Набор косметики,Красота,1,2405.14,Санкт-Петербург,2405.14
501770,2023-11-26,C100444,Коврик для йоги,Спорт,1,1284.21,Казань,1284.21
501459,2023-12-31,C100566,Велоперчатки,Спорт,1,929.48,Новосибирск,929.48
500750,2023-11-21,C100491,Куртка,Одежда,1,6875.91,Москва,6875.91
500454,2023-01-03,C100660,Органайзер,Дом и сад,1,857.12,Москва,857.12
502110,2023-01-07,C100527,Постельное белье,Дом и сад,1,2357.85,Москва,2357.85
502611,2023-09-02,C100677,Органайзер,Дом и сад,1,961.44,Санкт-Петербург,961.44
501354,2023-02-17,C100023,Массажер,Красота,1,3992.79,Москва,3992.79
500214,2023-12-27,C100757,Постельное белье,Дом и сад,1,2356.62,Москва,2356.62
501494,2023-03-17,C100670,Органайзер,Дом и сад,1,1013.21,Новосибирск,1013.21
500241,2023-03-18,C100497,Рюкзак спортивный,Спорт,1,3806.57,Москва,3806.57
502936,2023-01-26,C100550,Крем для лица,Красота,1,1342.09,Санкт-Петербург,1342.09
500342,2023-01-08,C100599,Массажер,Красота,1,4433.89,Санкт-Петербург,4433.89
500148,2023-11-07,C100673,Гантели,Спорт,1,2173.44,Новосибирск,2173.44
501658,2023-05-09,C100194,Плед,Дом и сад,1,1608.75,Екатеринбург,1608.75
503110,2023-08-19,C100182,Велоперчатки,Спорт,2,1010.2,Новосибирск,2020.4
502394,2023-11-10,C100117,Рюкзак спортивный,Спорт,1,3241.75,Москва,3241.75
502404,2023-07-13,C100756,Крем для лица,Красота,1,1309.71,Казань,1309.71
501069,2023-09-03,C100572,Велоперчатки,Спорт,1,881.64,Казань,881.64
500218,2023-09-28,C100769,Куртка,Одежда,1,7328.82,Москва,7328.82
501732,2023-10-12,C100166,Рюкзак спортивный,Спорт,1,3264.42,Казань,3264.42
502984,2023-09-08,C100491,Массажер,Красота,1,4249.04,Москва,4249.04
502484,2023-12-05,C100155,Куртка,Одежда,1,7813.71,Екатеринбург,7813.71
502082,2023-02-24,C100293,Шампунь,Красота,1,509.34,Казань,509.34
501697,2023-12-02,C100483,Bluetooth-колонка,Электроника,2,3656.31,Санкт-Петербург,7312.62
500986,2023-03-20,C100294,Умные часы,Электроника,1,6723.2,Санкт-Петербург,6723.2
500453,2023-05-14,C100053,Бутылка для воды,Спорт,1,651.89,Москва,651.89
502157,2023-11-15,C100599,Рюкзак спортивный,Спорт,-1,3073.65,Москва,3073.65
501652,2023-09-21,C100606,Bluetooth-колонка,Электроника,1,3295.44,Казань,3295.44
502642,2023-08-07,C100023,Рюкзак спортивный,Спорт,1,3612.23,Екатеринбург,3612.23
503268,2023-11-15,C100294,Bluetooth-колонка,Электроника,1,3100.62,Екатеринбург,3100.62
502533,2023-06-24,C100226,Парфюм,Красота,1,3956.17,,3956.17
500193,2023-03-02,C100294,Крем для лица,Красота,1,1248.58,Москва,1248.58
502329,2023-12-24,C100018,Powerbank,Электроника,2,1648.36,Новосибирск,3296.72
501041,2023-01-02,C100823,Настольная лампа,Дом и сад,1,1548.23,Казань,1548.23
503444,2023-12-24,C100381,Смартфон-чехол,Электроника,1,723.6,Казань,723.6
501433,2023-03-23,C100692,Органайзер,Дом и сад,1,815.48,Новосибирск,815.48
503395,2023-12-24,C100726,Футболка,Одежда,1,962.53,Казань,962.53
503245,2023-12-05,C100734,Постельное белье,Дом и сад,1,2240.69,Москва,2240.69
502713,2023-02-07,C100275,Смартфон-чехол,Электроника,1,891.05,Санкт-Петербург,891.05
500936,2023-10-24,C100848,Органайзер,Дом и сад,1,935.66,Новосибирск,935.66
502169,2023-01-25,C100302,Футболка,Одежда,1,876.71,Екатеринбург,876.71
500033,2023-01-18,C100188,Парфюм,Красота,1,3827.16,Екатеринбург,3827.16
500904,2023-11-17,C100775,Футболка,Одежда,1,838.79,Санкт-Петербург,838.79
502469,2023-06-28,C100807,Наушники,Электроника,1,2532.13,Санкт-Петербург,2532.13
502410,2023-04-21,C100177,Органайзер,Дом и сад,1,880.7,Екатеринбург,880.7
502451,2023-12-14,C100103,Наушники,Электроника,1,2713.57,Казань,2713.57
502416,2023-03-15,C100375,Футболка,Одежда,1,876.15,Екатеринбург,876.15
503114,2023-10-30,C100492,Парфюм,Красота,2,3509.42,Москва,7018.84
500627,2023-09-13,C100519,Куртка,Одежда,1,7066.14,Санкт-Петербург,7066.14
502832,2023-04-17,C100012,Набор кастрюль,Дом и сад,1,3795.88,Москва,3795.88
502409,2023-09-15,C100042,Велоперчатки,Спорт,1,946.7,Москва,946.7
500975,2023-02-11,C100418,Постельное белье,Дом и сад,1,2171.83,Москва,2171.83
502303,2023-04-29,C100848,Плед,Дом и сад,1,1690.33,Екатеринбург,1690.33
500151,2023-09-30,C100178,Наушники,Электроника,1,2754.9,Новосибирск,2754.9
502728,2023-04-27,C100671,Массажер,Красота,1,4552.45,Казань,4552.45
501898,2023-07-12,C100637,Джинсы,Одежда,1,3271.18,Москва,3271.18
503344,2023-12-17,C100119,Плед,Дом и сад,1,1810.52,Екатеринбург,1810.52
502029,2023-07-14,C100418,Гантели,Спорт,1,2416.88,Москва,2416.88
502663,2023-02-14,C100302,Powerbank,Электроника,3,1625.76,Санкт-Петербург,4877.28
502890,2023-07-01,C100695,Набор кастрюль,Дом и сад,1,3952.89,Екатеринбург,3952.89
500485,2023-12-09,C100437,Набор косметики,Красота,1,2652.59,Казань,2652.59
502001,2023-12-02,C100493,Куртка,Одежда,1,7291.27,Казань,7291.27
502442,2023-11-25,C100797,Рюкзак спортивный,Спорт,1,3794.6,Екатеринбург,3794.6
501114,2023-12-06,C100711,Плед,Дом и сад,1,1602.39,Санкт-Петербург,1602.39
500650,2023-04-16,C100064,Гантели,Спорт,1,2399.86,,2399.86
501285,2023-07-25,C100273,Смартфон-чехол,Электроника,1,743.95,Москва,743.95
501424,2023-12-09,C100777,Гантели,Спорт,1,2378.41,Новосибирск,2378.41
501314,2023-04-23,C100334,Набор кастрюль,Дом и сад,1,3896.48,Новосибирск,3896.48
501916,2023-12-18,C100080,Кроссовки,Одежда,1,5335.82,Санкт-Петербург,5335.82
501730,2023-07-13,C100587,Рюкзак спортивный,Спорт,1,3825.65,Москва,3825.65
501306,2023-05-11,C100424,Набор косметики,Красота,1,2907.88,Москва,2907.88
502399,2023-05-31,C100182,Умные часы,Электроника,1,6929.06,Москва,6929.06
501262,2023-10-24,C100818,Смартфон-чехол,Электроника,1,839.19,Москва,839.19
500946,2023-06-05,C100002,Набор косметики,Красота,1,2583.3,Казань,2583.3
503130,2023-06-09,C100439,Рюкзак спортивный,Спорт,1,3648.23,Москва,3648.23
500073,2023-04-25,C100241,Набор косметики,Красота,1,2758.06,Санкт-Петербург,2758.06
501390,2023-06-24,C100493,Шапка,Одежда,1,639.65,Москва,639.65
502424,2023-04-07,C100655,Powerbank,Электроника,3,2036.98,Казань,6110.94
503167,2023-10-11,C100242,Органайзер,Дом и сад,1,976.37,Санкт-Петербург,976.37
502004,2023-10-19,C100423,Коврик для йоги,Спорт,1,1170.04,Екатеринбург,1170.04
500763,2023-03-14,C100828,Бутылка для воды,Спорт,1,624.11,Санкт-Петербург,624.11
500090,2023-04-22,C100150,Органайзер,Дом и сад,1,1034.86,Новосибирск,1034.86
503129,2023-05-31,C100130,Смартфон-чехол,Электроника,1,731.32,Санкт-Петербург,731.32
503090,2023-01-25,C100791,Смартфон-чехол,Электроника,2,767.99,Санкт-Петербург,1535.98
500018,2023-12-08,C100632,Гантели,Спорт,1,2319.72,Санкт-Петербург,2319.72
503224,2023-12-08,C100399,Шампунь,Красота,1,533.13,Москва,533.13
500805,2023-03-21,C100413,Плед,Дом и сад,1,1535.2,Санкт-Петербург,1535.2
501313,2023-04-01,C100487,Настольная лампа,Дом и сад,2,1458.32,Санкт-Петербург,2916.64
503446,2023-12-08,C100126,Массажер,Красота,2,4693.45,Казань,9386.9
502083,2023-11-24,C100213,Массажер,Красота,1,4560.28,Казань,4560.28
500839,2023-05-15,C100418,Коврик для йоги,Спорт,2,1402.58,Москва,2805.16
501058,2023-12-20,C100231,Куртка,Одежда,2,6717.45,Москва,13434.9
500865,2023-03-08,C100173,Умные часы,Электроника,1,6752.72,Новосибирск,6752.72
502580,2023-06-05,C100807,Джинсы,Одежда,1,3580.26,Санкт-Петербург,3580.26
501874,2023-03-23,C100554,Крем для лица,Красота,2,1354.04,Санкт-Петербург,2708.08
500299,2023-06-15,C100146,Коврик для йоги,Спорт,1,1199.37,Санкт-Петербург,1199.37
502826,2023-11-21,C100118,Кроссовки,Одежда,1,5110.72,Москва,5110.72
501165,2023-06-22,C100245,Кроссовки,Одежда,1,5219.58,Москва,5219.58
502260,2023-08-26,C100524,Шампунь,Красота,1,625.79,Санкт-Петербург,625.79
501062,2023-03-11,C100435,Кроссовки,Одежда,1,5672.32,Москва,5672.32
501030,2023-11-26,C100101,Бутылка для воды,Спорт,1,587.98,Москва,587.98
503456,2023-11-08,C100639,Куртка,Одежда,2,7137.25,Новосибирск,14274.5
501443,2023-01-02,C100738,Крем для лица,Красота,2,1081.65,Москва,2163.3
500399,2023-03-06,C100570,Крем для лица,Красота,1,1125.39,,1125.39
503365,2023-11-26,C100219,Powerbank,Электроника,2,1874.44,Москва,3748.88
502202,2023-03-05,C100235,Bluetooth-колонка,Электроника,1,3159.9,Москва,3159.9
501689,2023-04-18,C100540,Бутылка для воды,Спорт,-1,684.65,Екатеринбург,684.65
501917,2023-07-07,C100775,Бутылка для воды,Спорт,1,623.67,Санкт-Петербург,623.67
501584,2023-11-07,C100498,Гантели,Спорт,2,2355.76,Новосибирск,4711.52
500396,2023-08-11,C100566,Крем для лица,Красота,3,1332.67,Новосибирск,3998.01
500095,2023-10-26,C100677,Шампунь,Красота,1,552.51,Казань,552.51
501105,2023-02-11,C100418,Футболка,Одежда,1,886.3,Москва,886.3
502753,2023-09-10,C100426,Bluetooth-колонка,Электроника,2,2957.64,Москва,5915.28
503464,2023-11-18,C100831,Bluetooth-колонка,Электроника,1,3120.97,Санкт-Петербург,3120.97
501327,2023-08-01,C100394,Кроссовки,Одежда,1,5627.79,Екатеринбург,5627.79
501263,2023-05-15,C100572,Кроссовки,Одежда,1,4980.45,Санкт-Петербург,4980.45
501622,2023-02-13,C100441,Крем для лица,Красота,1,1313.0,Санкт-Петербург,1313.0
503055,2023-03-22,C100624,Велоперчатки,Спорт,2,952.85,Новосибирск,1905.7
502714,2023-05-04,C100173,Наушники,Электроника,1,2850.77,Москва,2850.77
502196,2023-12-20,C100338,Футболка,Одежда,1,903.04,Санкт-Петербург,903.04
501292,2023-03-14,C100133,Шампунь,Красота,1,578.95,Казань,578.95
502865,2023-10-15,C100383,Рюкзак спортивный,Спорт,1,3546.41,Санкт-Петербург,3546.41
502297,2023-05-31,C100348,Бутылка для воды,Спорт,1,634.37,Екатеринбург,634.37
500662,2023-01-10,C100410,Гантели,Спорт,3,2527.54,Казань,7582.62
501448,2023-03-06,C100734,Кроссовки,Одежда,1,5737.2,Екатеринбург,5737.2
503132,2023-10-03,C100166,Powerbank,Электроника,1,1872.93,Санкт-Петербург,1872.93
502655,2023-05-26,C100597,Футболка,Одежда,1,850.47,Санкт-Петербург,850.47
500318,2023-07-05,C100150,Шапка,Одежда,1,799.19,Новосибирск,799.19
501725,2023-09-26,C100584,Футболка,Одежда,1,993.61,Москва,993.61
503393,2023-11-22,C100363,Смартфон-чехол,Электроника,2,880.05,Санкт-Петербург,1760.1
500948,2023-05-16,C100570,Органайзер,Дом и сад,1,925.71,Новосибирск,925.71
502555,2023-02-18,C100262,Шапка,Одежда,2,798.53,Новосибирск,1597.06
500771,2023-02-22,C100501,Парфюм,Красота,2,3595.07,Санкт-Петербург,7190.14
501683,2023-04-02,C100726,Плед,Дом и сад,1,1627.66,Санкт-Петербург,1627.66
501833,2023-11-18,C100606,Powerbank,Электроника,1,1849.92,Казань,1849.92
500545,2023-03-27,C100319,Bluetooth-колонка,Электроника,1,3659.38,Екатеринбург,3659.38
501184,2023-09-03,C100393,Куртка,Одежда,1,7257.43,Екатеринбург,7257.43
501445,2023-09-02,C100377,Велоперчатки,Спорт,1,896.13,Москва,896.13
502434,2023-05-12,C100566,Шапка,Одежда,1,742.43,Екатеринбург,742.43
500636,2023-05-24,C100513,Набор кастрюль,Дом и сад,1,4707.55,Санкт-Петербург,4707.55
503035,2023-05-06,C100302,Крем для лица,Красота,1,1134.84,Санкт-Петербург,1134.84
503436,2023-12-21,C100759,Набор косметики,Красота,1,2429.18,Москва,2429.18
500109,2023-05-17,C100086,Джинсы,Одежда,2,3447.16,Санкт-Петербург,6894.32
502988,2023-06-02,C100002,Рюкзак спортивный,Спорт,2,3685.66,Москва,7371.32
501565,2023-12-06,C100377,Гантели,Спорт,1,2346.15,Новосибирск,2346.15
502064,2023-06-12,C100428,Смартфон-чехол,Электроника,1,850.78,Москва,850.78
502364,2023-06-25,C100519,Постельное белье,Дом и сад,1,2353.8,Казань,2353.8
501950,2023-05-31,C100606,Рюкзак спортивный,Спорт,1,3673.16,Екатеринбург,3673.16
503238,2023-12-17,C100341,Powerbank,Электроника,1,1907.3,Москва,1907.3
503004,2023-02-24,C100659,Набор косметики,Красота,1,2818.04,Москва,2818.04
500140,2023-05-31,C100607,Рюкзак спортивный,Спорт,1,3898.6,Казань,3898.6
500713,2023-05-05,C100250,Бутылка для воды,Спорт,2,671.5,Москва,1343.0
501921,2023-06-05,C100838,Powerbank,Электроника,1,2067.72,Москва,2067.72
500288,2023-11-05,C100742,Массажер,Красота,1,4214.09,Санкт-Петербург,4214.09
502618,2023-11-02,C100536,Массажер,Красота,2,3752.25,Казань,7504.5
500824,2023-12-07,C100382,Настольная лампа,Дом и сад,1,1445.31,Екатеринбург,1445.31
501749,2023-02-07,C100343,Набор кастрюль,Дом и сад,2,3876.14,Санкт-Петербург,7752.28
502869,2023-04-17,C100149,Плед,Дом и сад,2,1806.17,Казань,3612.34
502072,2023-11-22,C100053,Футболка,Одежда,1,894.09,Москва,894.09
501660,2023-08-21,C100375,Умные часы,Электроника,1,5904.24,Новосибирск,5904.24
502535,2023-03-03,C100821,Джинсы,Одежда,2,2965.16,Москва,5930.32
502795,2023-12-05,C100100,Крем для лица,Красота,1,1273.02,Москва,1273.02
503045,2023-12-21,C100675,Парфюм,Красота,1,4291.98,Екатеринбург,4291.98
501241,2023-11-26,C100584,Набор кастрюль,Дом и сад,1,4545.42,Екатеринбург,4545.42
501748,2023-07-14,C100287,Гантели,Спорт,1,2318.9,Москва,2318.9
501940,2023-12-10,C100253,Органайзер,Дом и сад,2,926.68,Новосибирск,1853.36
500526,2023-06-18,C100018,Бутылка для воды,Спорт,1,624.49,Новосибирск,624.49
501779,2023-02-18,C100680,Кроссовки,Одежда,1,5880.31,Новосибирск,5880.31
500507,2023-04-18,C100565,Гантели,Спорт,1,2221.77,Екатеринбург,2221.77
502243,2023-10-03,C100294,Смартфон-чехол,Электроника,1,753.71,Санкт-Петербург,753.71
500397,2023-05-13,C100510,Настольная лампа,Дом и сад,1,1475.35,Москва,1475.35
502658,2023-11-23,C100347,Шампунь,Красота,3,536.05,Санкт-Петербург,1608.15
500892,2023-11-08,C100498,Bluetooth-колонка,Электроника,1,3073.18,Новосибирск,3073.18
503146,2023-01-18,C100282,Гантели,Спорт,1,2433.24,Москва,2433.24
501280,2023-09-30,C100009,Кроссовки,Одежда,2,5394.29,Екатеринбург,10788.58
500878,2023-07-31,C100078,Набор кастрюль,Дом и сад,2,4008.3,Санкт-Петербург,8016.6
501870,2023-05-30,C100668,Велоперчатки,Спорт,1,987.12,Новосибирск,987.12
500014,2023-05-30,C100313,Велоперчатки,Спорт,1,924.12,Москва,924.12
503409,2023-12-13,C100828,Коврик для йоги,Спорт,1,1328.44,Екатеринбург,1328.44
501460,2023-10-25,C100612,Футболка,Одежда,1,894.13,Новосибирск,894.13
502444,2023-05-06,C100615,Bluetooth-колонка,Электроника,1,3613.23,Москва,3613.23
500377,2023-09-30,C100289,Шапка,Одежда,2,751.02,Санкт-Петербург,1502.04
502086,2023-08-29,C100669,Джинсы,Одежда,1,3073.85,Казань,3073.85
500858,2023-10-03,C100776,Коврик для йоги,Спорт,1,1184.29,Новосибирск,1184.29
500504,2023-07-21,C100602,Набор кастрюль,Дом и сад,2,3787.22,Санкт-Петербург,7574.44
501082,2023-02-16,C100299,Шапка,Одежда,1,677.84,,677.84
500047,2023-06-24,C100209,Кроссовки,Одежда,2,5288.93,Москва,10577.86
502839,2023-03-20,C100564,Умные часы,Электроника,1,6037.02,Санкт-Петербург,6037.02
500267,2023-08-25,C100550,Набор кастрюль,Дом и сад,1,3945.32,Казань,3945.32
501873,2023-12-30,C100786,Джинсы,Одежда,1,3568.89,Новосибирск,3568.89
503084,2023-02-09,C100822,Смартфон-чехол,Электроника,1,748.18,Москва,748.18
503174,2023-11-15,C100176,Настольная лампа,Дом и сад,1,1487.6,Новосибирск,1487.6
501023,2023-08-30,C100848,Куртка,Одежда,1,6761.57,Новосибирск,6761.57
500233,2023-08-29,C100195,Куртка,Одежда,2,6225.08,Екатеринбург,12450.16
503236,2023-11-18,C100054,Коврик для йоги,Спорт,1,1374.49,Москва,1374.49
502991,2023-05-08,C100014,Шапка,Одежда,1,792.61,Новосибирск,792.61
503286,2023-11-06,C100378,Парфюм,Красота,1,4196.48,Екатеринбург,4196.48
502417,2023-09-18,C100708,Кроссовки,Одежда,1,5555.93,Москва,5555.93
502003,2023-08-01,C100386,Парфюм,Красота,1,4040.85,Казань,4040.85
501366,2023-12-06,C100222,Футболка,Одежда,1,987.31,Новосибирск,987.31
500174,2023-07-15,C100145,Велоперчатки,Спорт,2,886.53,Москва,1773.06
501166,2023-03-24,C100197,Смартфон-чехол,Электроника,1,860.96,Санкт-Петербург,860.96
500205,2023-01-27,C100641,Набор кастрюль,Дом и сад,1,4637.17,Санкт-Петербург,4637.17
502337,2023-07-03,C100728,Велоперчатки,Спорт,1,985.57,Екатеринбург,985.57
503220,2023-11-17,C100614,Гантели,Спорт,1,2516.23,Екатеринбург,2516.23
501178,2023-03-08,C100422,Наушники,Электроника,2,2357.37,Санкт-Петербург,4714.74
501163,2023-02-10,C100777,Футболка,Одежда,1,847.73,Санкт-Петербург,847.73
500631,2023-12-27,C100651,Гантели,Спорт,1,2314.23,Москва,2314.23
500682,2023-04-09,C100668,Коврик для йоги,Спорт,1,1271.26,Казань,1271.26
503400,2023-12-15,C100614,Постельное белье,Дом и сад,1,2281.7,Москва,2281.7
502516,2023-10-04,C100447,Бутылка для воды,Спорт,2,667.24,Новосибирск,1334.48
501204,2023-07-05,C100361,Умные часы,Электроника,2,6186.42,Казань,12372.84
502349,2023-07-15,C100576,Шампунь,Красота,2,539.15,Екатеринбург,1078.3
502021,2023-10-22,C100831,Набор косметики,Красота,1,2601.22,Москва,2601.22
500622,2023-03-06,C100295,Набор косметики,Красота,1,2793.86,Екатеринбург,2793.86
502874,2023-12-30,C100270,Шапка,Одежда,1,683.35,Новосибирск,683.35
501883,2023-06-19,C100101,Шампунь,Красота,3,549.71,Екатеринбург,1649.13
502056,2023-01-08,C100498,Смартфон-чехол,Электроника,1,902.3,Москва,902.3
501107,2023-09-22,C100693,Рюкзак спортивный,Спорт,1,3657.02,Екатеринбург,3657.02
502373,2023-09-22,C100702,Гантели,Спорт,1,2047.8,Санкт-Петербург,2047.8
500133,2023-05-21,C100059,Органайзер,Дом и сад,2,981.23,Екатеринбург,1962.46
501560,2023-02-19,C100522,Джинсы,Одежда,2,3437.21,Санкт-Петербург,6874.42
501125,2023-10-26,C100455,Футболка,Одежда,1,1003.27,Санкт-Петербург,1003.27
501037,2023-11-29,C100655,Джинсы,Одежда,1,3489.41,Москва,3489.41
500645,2023-08-14,C100765,Умные часы,Электроника,1,6323.03,Казань,6323.03
500779,2023-06-20,C100186,Бутылка для воды,Спорт,1,593.85,Новосибирск,593.85
502558,2023-10-09,C100423,Гантели,Спорт,2,2148.19,Москва,4296.38
503201,2023-11-03,C100698,Футболка,Одежда,1,823.2,Екатеринбург,823.2
502517,2023-08-07,C100697,Bluetooth-колонка,Электроника,2,3575.7,Казань,7151.4
501276,2023-03-14,C100129,Bluetooth-колонка,Электроника,1,3192.77,Новосибирск,3192.77
501733,2023-10-19,C100775,Органайзер,Дом и сад,2,1019.23,Санкт-Петербург,2038.46
501353,2023-05-14,C100590,Крем для лица,Красота,1,1171.54,Екатеринбург,1171.54
502900,2023-01-30,C100760,Powerbank,Электроника,2,1962.36,Москва,3924.72
501421,2023-10-28,C100590,Крем для лица,Красота,1,1246.52,Москва,1246.52
501869,2023-01-19,C100213,Powerbank,Электроника,1,1945.96,Москва,1945.96
500118,2023-05-28,C100222,Джинсы,Одежда,1,3358.22,Казань,3358.22
503362,2023-12-26,C100655,Набор кастрюль,Дом и сад,1,4145.76,Санкт-Петербург,4145.76
501193,2023-09-19,C100678,Рюкзак спортивный,Спорт,1,3726.41,Казань,3726.41
501858,2023-02-19,C100064,Настольная лампа,Дом и сад,1,1511.03,Москва,1511.03
500564,2023-01-25,C100737,Кроссовки,Одежда,1,5111.73,Новосибирск,5111.73
501919,2023-08-03,C100825,Смартфон-чехол,Электроника,1,807.21,Москва,807.21
500491,2023-06-23,C100422,Парфюм,Красота,1,3744.29,Екатеринбург,3744.29
501071,2023-02-16,C100136,Шапка,Одежда,1,666.2,Екатеринбург,666.2
502755,2023-12-31,C100065,Джинсы,Одежда,1,3149.54,Санкт-Петербург,3149.54
502700,2023-03-11,C100600,Умные часы,Электроника,1,6333.63,Санкт-Петербург,6333.63
502683,2023-12-03,C100080,Кроссовки,Одежда,2,0.0,Казань,10957.48
502787,2023-01-11,C100347,Powerbank,Электроника,1,1754.74,Екатеринбург,1754.74
501252,2023-08-30,C100344,Коврик для йоги,Спорт,1,1242.59,Санкт-Петербург,1242.59
502507,2023-05-05,C100814,Куртка,Одежда,1,6411.67,Санкт-Петербург,6411.67
501587,2023-01-27,C100583,Смартфон-чехол,Электроника,1,760.19,Новосибирск,760.19
501635,2023-12-17,C100693,Кроссовки,Одежда,1,5097.59,Москва,5097.59
502499,2023-04-10,C100323,Настольная лампа,Дом и сад,1,1623.62,Екатеринбург,1623.62
500610,2023-03-22,C100378,Парфюм,Красота,1,3841.49,Новосибирск,3841.49
501325,2023-03-29,C100347,Смартфон-чехол,Электроника,1,839.99,Новосибирск,839.99
503063,2023-03-16,C100166,Парфюм,Красота,1,3630.01,Екатеринбург,3630.01
502644,2023-10-25,C100387,Плед,Дом и сад,1,1566.52,,1566.52
502506,2023-05-04,C100272,Массажер,Красота,1,4046.24,Екатеринбург,4046.24
500998,2023-05-28,C100039,Органайзер,Дом и сад,1,918.47,Казань,918.47
500577,2023-09-30,C100373,Массажер,Красота,1,4641.51,Санкт-Петербург,4641.51
501164,2023-02-03,C100404,Шампунь,Красота,2,597.14,Москва,1194.28
501832,2023-01-29,C100208,Органайзер,Дом и сад,1,962.51,Москва,962.51
503068,2023-04-19,C100418,Набор косметики,Красота,2,2899.81,Санкт-Петербург,5799.62
502690,2023-12-12,C100078,Bluetooth-колонка,Электроника,1,2881.48,Новосибирск,2881.48
502934,2023-03-04,C100455,Гантели,Спорт,1,2460.94,Москва,2460.94
500756,2023-02-09,C100378,Постельное белье,Дом и сад,1,2327.45,Санкт-Петербург,2327.45
500755,2023-10-02,C100823,Наушники,Электроника,2,2306.98,Новосибирск,4613.96
502666,2023-09-20,C100378,Плед,Дом и сад,1,1835.22,Казань,1835.22
500640,2023-12-23,C100332,Массажер,Красота,2,4320.57,Новосибирск,8641.14
503331,2023-11-25,C100046,Набор косметики,Красота,2,2369.25,Москва,4738.5
500044,2023-11-18,C100751,Куртка,Одежда,1,7732.7,Казань,7732.7
500008,2023-04-27,C100110,Набор косметики,Красота,1,2640.69,Москва,2640.69
502788,2023-07-05,C100576,Powerbank,Электроника,1,1689.23,Казань,1689.23
502620,2023-02-21,C100244,Набор кастрюль,Дом и сад,2,4043.45,Екатеринбург,8086.9
500472,2023-03-12,C100590,Массажер,Красота,1,4298.45,Екатеринбург,4298.45
500422,2023-12-24,C100726,Футболка,Одежда,1,962.53,Казань,962.53
502144,2023-12-04,C100166,Набор косметики,Красота,3,2523.41,Санкт-Петербург,7570.23
500190,2023-07-22,C100571,Bluetooth-колонка,Электроника,1,3568.61,Санкт-Петербург,3568.61
502694,2023-05-10,C100228,Набор кастрюль,Дом и сад,1,4204.84,Екатеринбург,4204.84
503380,2023-12-02,C100075,Органайзер,Дом и сад,1,861.2,Санкт-Петербург,861.2
500906,2023-05-17,C100519,Кроссовки,Одежда,2,5646.1,Санкт-Петербург,11292.2
502638,2023-09-21,C100768,Кроссовки,Одежда,1,5937.79,Новосибирск,5937.79
502816,2023-03-10,C100641,Настольная лампа,Дом и сад,1,1436.04,Казань,1436.04
501426,2023-05-06,C100594,Куртка,Одежда,1,7019.82,Санкт-Петербург,7019.82
500465,2023-08-09,C100418,Джинсы,Одежда,1,3025.16,Екатеринбург,3025.16
503465,2023-12-19,C100275,Умные часы,Электроника,1,6931.18,Санкт-Петербург,6931.18
502662,2023-04-28,C100426,Смартфон-чехол,Электроника,1,723.9,Москва,723.9
501845,2023-12-26,C100455,Смартфон-чехол,Электроника,1,889.2,Екатеринбург,889.2
502593,2023-01-19,C100435,Шампунь,Красота,1,547.46,Казань,547.46
502164,2023-12-21,C100568,Бутылка для воды,Спорт,1,655.1,Москва,655.1
503406,2023-12-16,C100412,Коврик для йоги,Спорт,1,1219.77,Новосибирск,1219.77
502846,2023-09-23,C100098,Bluetooth-колонка,Электроника,1,3182.6,Новосибирск,3182.6
500066,2023-06-30,C100062,Набор косметики,Красота,1,2988.85,Новосибирск,2988.85
501333,2023-06-10,C100549,Наушники,Электроника,1,2684.65,Москва,2684.65
500433,2023-09-13,C100592,Набор косметики,Красота,1,2374.47,Москва,2374.47
502721,2023-11-21,C100321,Умные часы,Электроника,1,6638.68,Москва,6638.68
500049,2023-12-23,C100838,Bluetooth-колонка,Электроника,1,3061.12,Москва,3061.12
502864,2023-04-29,C100379,Постельное белье,Дом и сад,1,2228.4,Новосибирск,2228.4
502866,2023-07-10,C100188,Powerbank,Электроника,1,1823.44,Екатеринбург,1823.44
503007,2023-03-19,C100219,Шампунь,Красота,1,583.87,Екатеринбург,583.87
501543,2023-05-28,C100321,Набор кастрюль,Дом и сад,1,3873.25,Москва,3873.25
502119,2023-07-10,C100702,Коврик для йоги,Спорт,1,1170.74,Москва,1170.74
501685,2023-03-17,C100641,Органайзер,Дом и сад,1,1026.48,Москва,1026.48
503039,2023-07-24,C100408,Постельное белье,Дом и сад,1,2007.16,Санкт-Петербург,2007.16
502481,2023-05-07,C100424,Настольная лампа,Дом и сад,2,1611.89,Москва,3223.78
500829,2023-04-09,C100728,Bluetooth-колонка,Электроника,1,2980.31,Москва,2980.31
503073,2023-07-16,C100400,Умные часы,Электроника,1,7199.15,Санкт-Петербург,7199.15
500130,2023-11-24,C100301,Коврик для йоги,Спорт,1,1222.71,Санкт-Петербург,1222.71
501706,2023-05-08,C100753,Bluetooth-колонка,Электроника,1,3522.26,Казань,3522.26
502207,2023-08-05,C100665,Наушники,Электроника,1,2664.76,Москва,2664.76
501806,2023-09-18,C100412,Джинсы,Одежда,1,3295.08,Новосибирск,3295.08
501675,2023-08-08,C100054,Смартфон-чехол,Электроника,1,901.16,Екатеринбург,901.16
500316,2023-09-20,C100471,Умные часы,Электроника,1,7393.1,Санкт-Петербург,7393.1
503414,2023-11-13,C100735,Шапка,Одежда,1,679.19,Казань,679.19
500238,2023-10-17,C100759,Футболка,Одежда,2,857.85,Новосибирск,1715.7
501437,2023-08-18,C100049,Bluetooth-колонка,Электроника,1,3535.81,Казань,3535.81
502811,2023-10-01,C100080,Парфюм,Красота,1,3905.89,Москва,3905.89
502750,2023-05-22,C100444,Куртка,Одежда,1,6526.12,Екатеринбург,6526.12
502028,2023-03-10,C100117,Плед,Дом и сад,1,1820.6,Екатеринбург,1820.6
502797,2023-06-12,C100760,Гантели,Спорт,1,2373.77,Казань,2373.77
500523,2023-04-27,C100373,Бутылка для воды,Спорт,1,602.04,Казань,602.04
503457,2023-12-06,C100775,Рюкзак спортивный,Спорт,1,3591.64,Новосибирск,3591.64
500055,2023-06-15,C100171,Коврик для йоги,Спорт,1,1424.4,Санкт-Петербург,1424.4
501846,2023-07-27,C100186,Плед,Дом и сад,1,1695.68,Санкт-Петербург,1695.68
502990,2023-05-14,C100289,Парфюм,Красота,1,3954.34,Москва,3954.34
502100,2023-05-12,C100702,Шампунь,Красота,1,503.52,Екатеринбург,503.52
501110,2023-10-12,C100809,Кроссовки,Одежда,1,4933.87,Санкт-Петербург,4933.87
503180,2023-08-05,C100825,Постельное белье,Дом и сад,1,2242.22,Санкт-Петербург,2242.22
501194,2023-12-08,C100294,Наушники,Электроника,1,2727.59,Санкт-Петербург,2727.59
500383,2023-09-20,C100142,Bluetooth-колонка,Электроника,1,3612.22,Екатеринбург,3612.22
502703,2023-11-10,C100501,Шампунь,Красота,1,516.17,Москва,516.17
500158,2023-03-31,C100065,Наушники,Электроника,1,2299.57,Санкт-Петербург,2299.57
503231,2023-12-20,C100347,Крем для лица,Красота,1,1290.59,Санкт-Петербург,1290.59
502647,2023-07-05,C100829,Набор косметики,Красота,1,2405.32,Москва,2405.32
500559,2023-04-29,C100749,Коврик для йоги,Спорт,1,1186.17,Казань,1186.17
500836,2023-08-29,C100582,Смартфон-чехол,Электроника,3,852.13,Санкт-Петербург,2556.39
503343,2023-12-03,C100807,Умные часы,Электроника,1,7465.67,Санкт-Петербург,7465.67
500464,2023-10-10,C100243,Умные часы,Электроника,1,6648.01,Казань,6648.01
501962,2023-11-07,C100817,Рюкзак спортивный,Спорт,2,3094.36,Москва,6188.72
503125,2023-01-22,C100459,Powerbank,Электроника,1,1676.85,Екатеринбург,1676.85
502271,2023-03-10,C100570,Наушники,Электроника,1,2673.57,Санкт-Петербург,2673.57
502778,2023-06-17,C100757,Бутылка для воды,Спорт,1,570.02,Санкт-Петербург,570.02
502749,2023-05-01,C100386,Кроссовки,Одежда,1,5541.51,Новосибирск,5541.51
501754,2023-08-22,C100432,Крем для лица,Красота,1,1317.79,Новосибирск,1317.79
501444,2023-09-06,C100622,Наушники,Электроника,1,2529.94,Москва,2529.94
501854,2023-08-11,C100841,Умные часы,Электроника,1,6791.44,Москва,6791.44
502131,2023-03-07,C100559,Бутылка для воды,Спорт,1,569.77,Новосибирск,569.77
502767,2023-11-29,C100412,Массажер,Красота,1,4468.47,Казань,4468.47
501525,2023-08-27,C100828,Bluetooth-колонка,Электроника,1,3408.33,Москва,3408.33
500596,2023-09-27,C100633,Парфюм,Красота,1,3425.56,Москва,3425.56
501086,2023-07-19,C100808,Коврик для йоги,Спорт,1,1286.67,Новосибирск,1286.67
502529,2023-01-25,C100786,Футболка,Одежда,1,929.32,Санкт-Петербург,929.32
503307,2023-12-15,C100500,Настольная лампа,Дом и сад,1,1688.92,Екатеринбург,1688.92
501702,2023-06-30,C100138,Велоперчатки,Спорт,1,886.01,Москва,886.01
502148,2023-12-06,C100426,Массажер,Красота,1,4434.91,Санкт-Петербург,4434.91
502137,2023-03-01,C100387,Плед,Дом и сад,1,1876.29,Казань,1876.29
502576,2023-04-07,C100760,Шампунь,Красота,1,517.25,Екатеринбург,517.25
500368,2023-03-15,C100233,Умные часы,Электроника,1,6695.58,Екатеринбург,6695.58
501233,2023-09-19,C100352,Футболка,Одежда,1,917.72,Санкт-Петербург,917.72
502969,2023-11-21,C100191,Powerbank,Электроника,1,2020.71,Санкт-Петербург,2020.71
501382,2023-10-16,C100425,Наушники,Электроника,1,2540.32,Казань,2540.32
501610,2023-11-16,C100012,Шапка,Одежда,1,788.63,Санкт-Петербург,788.63
503397,2023-12-27,C100161,Парфюм,Красота,1,3937.44,Москва,3937.44
500098,2023-08-14,C100098,Массажер,Красота,2,4507.19,Новосибирск,9014.38
500861,2023-07-12,C100472,Powerbank,Электроника,1,1793.33,Санкт-Петербург,1793.33
500365,2023-11-30,C100513,Шапка,Одежда,1,700.52,Санкт-Петербург,700.52
503247,2023-11-09,C100426,Смартфон-чехол,Электроника,1,791.52,Казань,791.52
500382,2023-04-27,C100205,Набор кастрюль,Дом и сад,1,4328.1,Санкт-Петербург,4328.1
503348,2023-12-27,C100702,Смартфон-чехол,Электроника,1,832.01,Москва,832.01
502166,2023-07-20,C100826,Кроссовки,Одежда,2,5532.53,Казань,11065.06
500029,2023-05-02,C100737,Смартфон-чехол,Электроника,1,818.85,Екатеринбург,818.85
501099,2023-11-11,C100726,Футболка,Одежда,1,993.18,Москва,993.18
500448,2023-10-25,C100536,Смартфон-чехол,Электроника,1,878.72,Казань,878.72
502613,2023-01-03,C100032,Рюкзак спортивный,Спорт,1,3150.65,Новосибирск,3150.65
500821,2023-05-19,C100640,Настольная лампа,Дом и сад,1,1584.29,Казань,1584.29
502925,2023-03-18,C100450,Bluetooth-колонка,Электроника,1,3474.95,Казань,3474.95
502763,2023-04-20,C100444,Набор косметики,Красота,1,2779.42,Москва,2779.42
501891,2023-01-31,C100634,Гантели,Спорт,1,2171.98,Екатеринбург,2171.98
502445,2023-09-28,C100702,Рюкзак спортивный,Спорт,1,3655.59,Санкт-Петербург,3655.59
502715,2023-08-03,C100301,Органайзер,Дом и сад,1,952.65,Казань,952.65
502928,2023-05-15,C100063,Куртка,Одежда,1,7015.03,Екатеринбург,7015.03
500722,2023-03-20,C100498,Bluetooth-колонка,Электроника,1,3033.52,Москва,3033.52
502281,2023-09-09,C100242,Настольная лампа,Дом и сад,1,1453.79,Екатеринбург,1453.79
502754,2023-07-14,C100749,Бутылка для воды,Спорт,2,622.38,Москва,1244.76
502248,2023-05-03,C100831,Футболка,Одежда,1,855.31,Санкт-Петербург,855.31
501456,2023-02-21,C100294,Крем для лица,Красота,2,1367.0,Москва,2734.0
501417,2023-02-16,C100560,Крем для лица,Красота,1,1086.16,Санкт-Петербург,1086.16
500780,2023-12-13,C100828,Умные часы,Электроника,1,7281.89,Екатеринбург,7281.89
502020,2023-10-01,C100550,Велоперчатки,Спорт,2,962.84,Москва,1925.68
501024,2023-01-15,C100698,Настольная лампа,Дом и сад,2,1489.17,Екатеринбург,2978.34
500005,2023-08-18,C100189,Бутылка для воды,Спорт,1,618.32,Екатеринбург,618.32
503094,2023-02-15,C100006,Набор косметики,Красота,1,2683.45,Москва,2683.45
502801,2023-07-11,C100418,Велоперчатки,Спорт,2,986.21,Екатеринбург,1972.42
503378,2023-11-21,C100469,Смартфон-чехол,Электроника,2,832.13,Москва,1664.26
500517,2023-02-08,C100473,Шапка,Одежда,1,678.07,Новосибирск,678.07
502387,2023-12-27,C100553,Плед,Дом и сад,1,1904.78,Санкт-Петербург,1904.78
503101,2023-02-25,C100829,Бутылка для воды,Спорт,1,673.07,Казань,673.07
503150,2023-08-01,C100134,Джинсы,Одежда,1,3417.48,Казань,3417.48
500351,2023-10-02,C100158,Коврик для йоги,Спорт,1,1453.64,Новосибирск,1453.64
501550,2023-11-28,C100576,Умные часы,Электроника,1,7154.71,Екатеринбург,7154.71
502997,2023-09-12,C100500,Джинсы,Одежда,1,3617.14,Новосибирск,3617.14
501808,2023-06-13,C100510,Шампунь,Красота,3,532.3,,1596.9
500661,2023-06-19,C100472,Постельное белье,Дом и сад,1,1909.72,Екатеринбург,1909.72
503163,2023-12-12,C100698,Рюкзак спортивный,Спорт,1,3452.45,Москва,3452.45
502508,2023-04-30,C100693,Настольная лампа,Дом и сад,1,1407.4,Екатеринбург,1407.4
503104,2023-09-22,C100584,Массажер,Красота,1,3692.41,Москва,3692.41
500900,2023-10-15,C100225,Велоперчатки,Спорт,1,984.06,Казань,984.06
501643,2023-04-03,C100750,Рюкзак спортивный,Спорт,2,3510.97,Санкт-Петербург,7021.94
502765,2023-02-14,C100821,Куртка,Одежда,1,6843.86,Москва,6843.86
500159,2023-04-19,C100644,Коврик для йоги,Спорт,1,1244.13,Казань,1244.13
500384,2023-12-23,C100449,Powerbank,Электроника,1,1710.46,Новосибирск,1710.46
502439,2023-04-08,C100700,Наушники,Электроника,1,2551.68,Москва,2551.68
500141,2023-01-23,C100334,Кроссовки,Одежда,2,4732.24,Москва,9464.48
500466,2023-02-12,C100046,Кроссовки,Одежда,1,5247.91,Санкт-Петербург,5247.91
502929,2023-07-22,C100042,Коврик для йоги,Спорт,1,1437.87,Казань,1437.87
502143,2023-07-27,C100089,Powerbank,Электроника,1,1741.44,Москва,1741.44
500300,2023-07-13,C100451,Наушники,Электроника,1,2846.16,Москва,2846.16
503462,2023-11-14,C100702,Наушники,Электроника,1,2722.43,Казань,2722.43
500398,2023-06-12,C100296,Массажер,Красота,1,4121.43,Казань,4121.43
501627,2023-09-03,C100797,Велоперчатки,Спорт,1,836.69,Казань,836.69
500935,2023-05-23,C100645,Массажер,Красота,1,4432.07,Екатеринбург,4432.07
500888,2023-01-10,C100577,Шампунь,Красота,1,597.73,Екатеринбург,597.73
502117,2023-08-19,C100492,Шампунь,Красота,1,528.47,Санкт-Петербург,528.47
501871,2023-06-08,C100166,Умные часы,Электроника,1,6314.33,Москва,6314.33
501034,2023-12-08,C100296,Джинсы,Одежда,2,2904.74,Екатеринбург,5809.48
501522,2023-12-25,C100126,Набор косметики,Красота,1,2675.03,Казань,2675.03
502771,2023-09-17,C100554,Наушники,Электроника,1,2560.55,Москва,2560.55
501410,2023-12-30,C100029,Гантели,Спорт,1,2483.98,Санкт-Петербург,2483.98
501049,2023-11-15,C100702,Постельное белье,Дом и сад,1,1913.77,Екатеринбург,1913.77
502850,2023-01-02,C100353,Смартфон-чехол,Электроника,1,764.15,,764.15
502879,2023-01-02,C100498,Плед,Дом и сад,1,1731.99,Москва,1731.99
500847,2023-04-22,C100455,Настольная лампа,Дом и сад,1,1535.31,Новосибирск,1535.31
500252,2023-04-13,C100498,Умные часы,Электроника,2,7371.45,Новосибирск,14742.9
501750,2023-06-23,C100071,Рюкзак спортивный,Спорт,1,3375.77,Санкт-Петербург,3375.77
502386,2023-07-03,C100763,Кроссовки,Одежда,1,4843.66,Екатеринбург,4843.66
500807,2023-12-25,C100046,Рюкзак спортивный,Спорт,2,3094.62,Новосибирск,6189.24
502743,2023-03-10,C100677,Гантели,Спорт,1,2055.97,Казань,2055.97
500716,2023-08-02,C100726,Куртка,Одежда,1,6854.14,Москва,6854.14
500337,2023-02-17,C100065,Парфюм,Красота,2,3426.01,Санкт-Петербург,6852.02
501431,2023-03-20,C100330,Набор косметики,Красота,1,2795.46,Казань,2795.46
500988,2023-02-20,C100091,Джинсы,Одежда,1,3491.99,Новосибирск,3491.99
503223,2023-12-16,C100318,Шампунь,Красота,1,598.72,Санкт-Петербург,598.72
500196,2023-01-11,C100000,Бутылка для воды,Спорт,1,643.78,Москва,643.78
502954,2023-01-21,C100104,Наушники,Электроника,1,2394.41,Новосибирск,2394.41
501592,2023-11-13,C100249,Рюкзак спортивный,Спорт,1,3063.35,Санкт-Петербург,3063.35
501045,2023-09-21,C100702,Постельное белье,Дом и сад,1,2196.67,Москва,2196.67
500280,2023-12-13,C100103,Парфюм,Красота,1,3772.1,Москва,3772.1
500097,2023-09-29,C100006,Парфюм,Красота,1,3739.56,Москва,3739.56
500442,2023-08-02,C100641,Массажер,Красота,1,4657.72,Екатеринбург,4657.72
501197,2023-10-28,C100760,Футболка,Одежда,2,827.76,Новосибирск,1655.52
501555,2023-08-08,C100348,Постельное белье,Дом и сад,1,2302.42,Москва,2302.42
502878,2023-05-21,C100080,Массажер,Красота,2,4514.37,Москва,9028.74
501043,2023-12-08,C100584,Крем для лица,Красота,1,1330.32,Санкт-Петербург,1330.32
502706,2023-09-15,C100207,Куртка,Одежда,1,7243.29,Москва,7243.29
502995,2023-06-06,C100253,Бутылка для воды,Спорт,1,601.54,Новосибирск,601.54
501903,2023-02-13,C100172,Футболка,Одежда,1,877.65,Казань,877.65
500331,2023-04-05,C100418,Шапка,Одежда,1,656.7,Екатеринбург,656.7
501842,2023-11-29,C100747,Коврик для йоги,Спорт,1,1301.4,Казань,1301.4
500862,2023-10-29,C100540,Кроссовки,Одежда,1,5174.86,Москва,5174.86
500746,2023-08-11,C100487,Бутылка для воды,Спорт,1,615.89,Москва,615.89
503337,2023-11-17,C100775,Футболка,Одежда,1,838.79,Санкт-Петербург,838.79
501612,2023-07-12,C100319,Парфюм,Красота,1,4080.84,Екатеринбург,4080.84
501112,2023-06-12,C100491,Велоперчатки,Спорт,1,943.01,Москва,943.01
500328,2023-05-29,C100653,Куртка,Одежда,2,6666.76,Санкт-Петербург,13333.52
501759,2023-11-02,C100590,Крем для лица,Красота,1,1121.0,Москва,1121.0
503029,2023-05-03,C100222,Постельное белье,Дом и сад,2,2239.89,Казань,4479.78
502356,2023-01-06,C100606,Powerbank,Электроника,1,1952.5,Москва,1952.5
503000,2023-04-02,C100550,Постельное белье,Дом и сад,1,2395.5,Новосибирск,2395.5
501470,2023-06-06,C100457,Bluetooth-колонка,Электроника,2,3535.81,Санкт-Петербург,7071.62
501960,2023-10-03,C100245,Наушники,Электроника,1,2793.33,Москва,2793.33
500595,2023-07-19,C100323,Плед,Дом и сад,2,1644.98,Санкт-Петербург,3289.96
502421,2023-07-05,C100069,Powerbank,Электроника,1,1720.69,Москва,1720.69
502255,2023-01-13,C100388,Велоперчатки,Спорт,2,1006.95,Москва,2013.9
502234,2023-02-02,C100363,Футболка,Одежда,1,839.4,Москва,839.4
500550,2023-06-29,C100092,Наушники,Электроника,-1,2313.98,Москва,2313.98
500557,2023-12-01,C100375,Кроссовки,Одежда,1,5818.56,Санкт-Петербург,5818.56
501359,2023-11-11,C100731,Набор кастрюль,Дом и сад,1,4530.18,Казань,4530.18
502920,2023-02-20,C100012,Набор кастрюль,Дом и сад,1,4824.32,Москва,4824.32
500542,2023-06-02,C100001,Велоперчатки,Спорт,1,958.03,Новосибирск,958.03
500253,2023-11-17,C100614,Гантели,Спорт,1,2516.23,Екатеринбург,2516.23
500265,2023-02-25,C100658,Powerbank,Электроника,1,1913.89,Санкт-Петербург,1913.89
502796,2023-08-12,C100184,Джинсы,Одежда,1,3493.32,Санкт-Петербург,3493.32
501235,2023-10-20,C100225,Постельное белье,Дом и сад,1,2089.18,Санкт-Петербург,2089.18
503396,2023-12-05,C100157,Велоперчатки,Спорт,2,814.63,Новосибирск,1629.26
501402,2023-02-09,C100848,Рюкзак спортивный,Спорт,1,3881.25,Новосибирск,3881.25
501590,2023-01-19,C100377,Органайзер,Дом и сад,1,848.59,Москва,848.59
502992,2023-07-10,C100162,Шампунь,Красота,1,520.09,Санкт-Петербург,520.09
500919,2023-03-29,C100809,Постельное белье,Дом и сад,1,2315.36,Санкт-Петербург,2315.36
501794,2023-07-31,C100239,Бутылка для воды,Спорт,1,588.19,Москва,588.19
501065,2023-03-14,C100751,Рюкзак спортивный,Спорт,1,3685.03,Санкт-Петербург,3685.03
502393,2023-09-23,C100599,Футболка,Одежда,1,984.09,Санкт-Петербург,984.09
500301,2023-10-02,C100132,Футболка,Одежда,1,855.52,Санкт-Петербург,855.52
502803,2023-01-17,C100833,Плед,Дом и сад,1,1932.47,Санкт-Петербург,1932.47
500554,2023-02-22,C100275,Парфюм,Красота,1,3551.77,Москва,3551.77
500468,2023-05-23,C100439,Куртка,Одежда,1,6999.76,Казань,6999.76
500345,2023-10-21,C100756,Коврик для йоги,Спорт,1,1338.72,Москва,1338.72
502326,2023-12-10,C100775,Куртка,Одежда,1,6277.16,Казань,6277.16
501579,2023-02-28,C100382,Футболка,Одежда,1,859.26,Санкт-Петербург,859.26
502459,2023-11-27,C100426,Шампунь,Красота,1,605.49,Москва,605.49
501418,2023-05-27,C100060,Кроссовки,Одежда,1,5557.52,Новосибирск,5557.52
503192,2023-05-04,C100468,Настольная лампа,Дом и сад,1,1588.05,Новосибирск,1588.05
501743,2023-02-09,C100432,Футболка,Одежда,2,899.45,Москва,1798.9
501449,2023-03-24,C100078,Крем для лица,Красота,1,1226.34,Екатеринбург,1226.34
500167,2023-04-30,C100020,Умные часы,Электроника,1,5926.97,Новосибирск,5926.97
501339,2023-03-08,C100116,Настольная лампа,Дом и сад,1,1498.98,Москва,1498.98
502265,2023-09-09,C100351,Постельное белье,Дом и сад,1,2224.07,Москва,2224.07
503214,2023-12-17,C100693,Кроссовки,Одежда,1,5097.59,Москва,5097.59
502821,2023-04-23,C100076,Bluetooth-колонка,Электроника,1,3137.82,Санкт-Петербург,3137.82
502970,2023-12-28,C100831,Массажер,Красота,1,3710.07,Москва,3710.07
500440,2023-04-05,C100032,Шампунь,Красота,1,516.66,Москва,516.66
502515,2023-04-17,C100312,Powerbank,Электроника,1,2020.89,Новосибирск,2020.89
500022,2023-03-13,C100071,Bluetooth-колонка,Электроника,2,2900.81,Москва,5801.62
502827,2023-09-17,C100246,Рюкзак спортивный,Спорт,2,3152.49,Москва,6304.98
501701,2023-08-09,C100198,Кроссовки,Одежда,1,5042.96,Санкт-Петербург,5042.96
501080,2023-12-11,C100235,Набор косметики,Красота,1,2361.73,Москва,2361.73
501819,2023-06-04,C100619,Футболка,Одежда,1,907.19,Санкт-Петербург,907.19
501807,2023-06-01,C100001,Бутылка для воды,Спорт,1,585.26,Казань,585.26
501228,2023-06-21,C100562,Гантели,Спорт,1,2064.98,Москва,2064.98
501938,2023-02-26,C100155,Bluetooth-колонка,Электроника,1,2898.02,Екатеринбург,2898.02
503182,2023-03-22,C100287,Шапка,Одежда,1,654.32,Новосибирск,654.32
501214,2023-06-03,C100289,Смартфон-чехол,Электроника,1,756.53,Казань,756.53
501551,2023-07-16,C100069,Набор косметики,Красота,1,2810.85,Москва,2810.85
502229,2023-08-24,C100841,Бутылка для воды,Спорт,1,559.46,Москва,559.46
500488,2023-10-16,C100347,Джинсы,Одежда,1,2976.46,Казань,2976.46
500230,2023-05-05,C100394,Плед,Дом и сад,1,1794.27,Екатеринбург,1794.27
501727,2023-04-19,C100394,Бутылка для воды,Спорт,1,565.91,Санкт-Петербург,565.91
503202,2023-11-13,C100177,Набор косметики,Красота,1,2767.25,Екатеринбург,2767.25
501704,2023-01-21,C100487,Плед,Дом и сад,1,1788.9,Москва,1788.9
502242,2023-06-23,C100022,Гантели,Спорт,1,2077.46,Екатеринбург,2077.46
500287,2023-12-26,C100756,Смартфон-чехол,Электроника,2,853.7,Новосибирск,1707.4
502596,2023-04-04,C100757,Постельное белье,Дом и сад,1,2064.99,Москва,2064.99
502670,2023-02-27,C100446,Набор косметики,Красота,1,2841.52,Новосибирск,2841.52
501996,2023-06-10,C100594,Велоперчатки,Спорт,2,872.7,Екатеринбург,1745.4
500811,2023-01-12,C100022,Смартфон-чехол,Электроника,1,919.9,Санкт-Петербург,919.9
503249,2023-12-25,C100497,Футболка,Одежда,2,919.64,Москва,1839.28
500432,2023-06-16,C100296,Смартфон-чехол,Электроника,1,774.59,Москва,774.59
503339,2023-12-10,C100819,Наушники,Электроника,1,2845.75,Екатеринбург,2845.75
502494,2023-04-10,C100564,Смартфон-чехол,Электроника,2,833.18,Москва,1666.36
503405,2023-12-28,C100470,Гантели,Спорт,3,2140.95,Москва,6422.85
501369,2023-08-18,C100310,Крем для лица,Красота,2,1362.37,Екатеринбург,2724.74
500621,2023-03-01,C100587,Коврик для йоги,Спорт,3,1211.65,Казань,3634.95
501924,2023-02-04,C100262,Набор косметики,Красота,1,2665.18,Санкт-Петербург,2665.18
502667,2023-06-29,C100014,Рюкзак спортивный,Спорт,2,3746.2,Москва,7492.4
500937,2023-07-04,C100815,Бутылка для воды,Спорт,2,651.64,Москва,1303.28
501206,2023-06-09,C100151,Набор кастрюль,Дом и сад,1,3799.2,Новосибирск,3799.2
501203,2023-01-12,C100063,Органайзер,Дом и сад,2,998.59,Екатеринбург,1997.18
502435,2023-02-06,C100704,Набор кастрюль,Дом и сад,1,4748.72,Казань,4748.72
501534,2023-10-03,C100294,Гантели,Спорт,2,1984.33,Москва,3968.66
502526,2023-04-25,C100627,Смартфон-чехол,Электроника,1,846.55,Москва,846.55
500131,2023-09-23,C100120,Наушники,Электроника,1,2370.63,Новосибирск,2370.63
502915,2023-02-26,C100741,Органайзер,Дом и сад,1,1033.81,Санкт-Петербург,1033.81
500956,2023-11-02,C100731,Рюкзак спортивный,Спорт,1,3514.59,Новосибирск,3514.59
500914,2023-10-10,C100078,Плед,Дом и сад,1,1810.57,Москва,1810.57
500860,2023-04-04,C100410,Постельное белье,Дом и сад,1,2072.97,Казань,2072.97
501316,2023-02-16,C100780,Шампунь,Красота,1,507.26,Екатеринбург,507.26
501887,2023-12-17,C100692,Коврик для йоги,Спорт,1,1402.29,Санкт-Петербург,1402.29
501676,2023-05-20,C100524,Куртка,Одежда,1,6889.5,Екатеринбург,6889.5
500128,2023-02-14,C100607,Bluetooth-колонка,Электроника,1,3121.43,Новосибирск,3121.43
500285,2023-02-03,C100356,Бутылка для воды,Спорт,1,633.01,Москва,633.01
502982,2023-08-31,C100792,Powerbank,Электроника,1,2025.1,Екатеринбург,2025.1
500979,2023-02-19,C100666,Футболка,Одежда,1,830.58,Казань,830.58
500624,2023-10-28,C100510,Рюкзак спортивный,Спорт,1,3422.72,Москва,3422.72
503009,2023-07-29,C100002,Умные часы,Электроника,1,6284.55,Санкт-Петербург,6284.55
500689,2023-08-22,C100656,Шампунь,Красота,1,576.76,Казань,576.76
502899,2023-09-30,C100353,Парфюм,Красота,1,4116.5,Москва,4116.5
501367,2023-05-14,C100791,Футболка,Одежда,2,914.71,Санкт-Петербург,1829.42
502319,2023-11-08,C100639,Куртка,Одежда,2,7137.25,Новосибирск,14274.5
500996,2023-12-12,C100373,Настольная лампа,Дом и сад,1,1439.97,Новосибирск,1439.97
502411,2023-03-14,C100756,Bluetooth-колонка,Электроника,2,3382.21,Москва,6764.42
503031,2023-02-08,C100760,Bluetooth-колонка,Электроника,1,3447.86,Казань,3447.86
502377,2023-10-15,C100823,Bluetooth-колонка,Электроника,1,3500.97,Москва,3500.97
502327,2023-04-29,C100199,Шапка,Одежда,1,686.12,Санкт-Петербург,686.12
500611,2023-08-17,C100181,Смартфон-чехол,Электроника,1,903.05,Казань,903.05
500459,2023-02-19,C100495,Powerbank,Электроника,1,1742.62,Москва,1742.62
502579,2023-11-07,C100493,Умные часы,Электроника,2,7308.16,Москва,14616.32
502930,2023-07-27,C100513,Набор косметики,Красота,1,2566.08,Казань,2566.08
500463,2023-09-13,C100635,Плед,Дом и сад,1,1898.91,Москва,1898.91
500793,2023-04-16,C100289,Куртка,Одежда,1,6780.51,Казань,6780.51
500505,2023-03-30,C100413,Парфюм,Красота,1,3632.37,Санкт-Петербург,3632.37
500309,2023-09-26,C100395,Куртка,Одежда,1,7052.05,Москва,7052.05
502015,2023-07-30,C100182,Настольная лампа,Дом и сад,2,1634.23,Москва,3268.46
500364,2023-09-04,C100069,Рюкзак спортивный,Спорт,1,3131.69,Новосибирск,3131.69
500580,2023-03-03,C100025,Смартфон-чехол,Электроника,3,749.07,Новосибирск,2247.21
500106,2023-02-28,C100222,Крем для лица,Красота,1,1328.77,Екатеринбург,1328.77
502651,2023-01-26,C100575,Плед,Дом и сад,1,1629.28,Казань,1629.28
501133,2023-01-15,C100044,Коврик для йоги,Спорт,1,1306.31,Екатеринбург,1306.31
500508,2023-09-08,C100183,Велоперчатки,Спорт,1,862.86,Екатеринбург,862.86
501012,2023-06-06,C100351,Гантели,Спорт,1,2041.0,Москва,2041.0
501954,2023-03-26,C100444,Умные часы,Электроника,1,6945.08,Екатеринбург,6945.08
500947,2023-12-08,C100041,Рюкзак спортивный,Спорт,1,3401.98,Москва,3401.98
501788,2023-01-28,C100697,Наушники,Электроника,1,2347.0,Новосибирск,2347.0
501597,2023-07-16,C100158,Смартфон-чехол,Электроника,1,876.05,Санкт-Петербург,876.05
501784,2023-01-27,C100601,Джинсы,Одежда,1,3149.53,Санкт-Петербург,3149.53
501337,2023-05-04,C100101,Парфюм,Красота,1,4288.7,Москва,4288.7
502740,2023-04-03,C100364,Бутылка для воды,Спорт,1,658.79,Москва,658.79
503059,2023-06-20,C100508,Футболка,Одежда,1,884.19,Москва,884.19
502692,2023-04-25,C100072,Футболка,Одежда,1,953.03,Казань,953.03
503172,2023-07-12,C100321,Смартфон-чехол,Электроника,1,736.44,Казань,736.44
500189,2023-05-16,C100670,Джинсы,Одежда,1,3065.66,Москва,3065.66
502096,2023-04-20,C100218,Шапка,Одежда,1,698.05,Санкт-Петербург,698.05
502462,2023-08-10,C100500,Гантели,Спорт,1,2286.16,Екатеринбург,2286.16
502419,2023-06-18,C100136,Кроссовки,Одежда,1,5365.99,Москва,5365.99
502183,2023-09-16,C100724,Органайзер,Дом и сад,1,907.08,Санкт-Петербург,907.08
503345,2023-12-17,C100592,Футболка,Одежда,1,922.5,Екатеринбург,922.5
503299,2023-12-08,C100235,Массажер,Красота,1,4670.97,Новосибирск,4670.97
501700,2023-07-25,C100777,Куртка,Одежда,2,7056.88,Санкт-Петербург,14113.76
502262,2023-02-12,C100611,Настольная лампа,Дом и сад,3,1499.97,Москва,4499.91
501672,2023-04-14,C100287,Велоперчатки,Спорт,1,981.09,,981.09
502287,2023-06-05,C100394,Гантели,Спорт,1,2495.1,Санкт-Петербург,2495.1
501963,2023-05-12,C100653,Набор косметики,Красота,1,2471.24,Казань,2471.24
502674,2023-12-31,C100378,Умные часы,Электроника,1,6715.92,Москва,6715.92
502124,2023-02-07,C100425,Плед,Дом и сад,1,1679.18,Екатеринбург,1679.18
502358,2023-06-15,C100183,Массажер,Красота,1,4244.24,Москва,4244.24
500863,2023-12-21,C100610,Кроссовки,Одежда,1,5336.46,Екатеринбург,5336.46
501174,2023-10-09,C100583,Кроссовки,Одежда,1,4892.81,Санкт-Петербург,4892.81
501341,2023-03-26,C100428,Шапка,Одежда,1,804.57,Екатеринбург,804.57
502980,2023-11-20,C100635,Шампунь,Красота,1,559.7,,559.7
501510,2023-03-13,C100285,Кроссовки,Одежда,1,4900.86,Казань,4900.86
502385,2023-09-24,C100126,Набор косметики,Красота,1,2482.64,Москва,2482.64
501116,2023-08-12,C100775,Кроссовки,Одежда,1,5191.19,,5191.19
500354,2023-09-01,C100418,Набор косметики,Красота,2,2848.96,Санкт-Петербург,5697.92
501035,2023-10-06,C100347,Набор косметики,Красота,1,2505.02,Москва,2505.02
502412,2023-01-12,C100508,Крем для лица,Красота,1,1143.48,Москва,1143.48
500732,2023-02-19,C100615,Наушники,Электроника,1,2429.69,Москва,2429.69
501446,2023-03-12,C100831,Постельное белье,Дом и сад,1,1924.02,Москва,1924.02
500703,2023-11-03,C100343,Набор косметики,Красота,1,2578.02,Казань,2578.02
503356,2023-11-23,C100152,Коврик для йоги,Спорт,1,1265.11,Новосибирск,1265.11
502747,2023-04-23,C100294,Парфюм,Красота,2,3925.65,Новосибирск,7851.3
502948,2023-11-01,C100438,Рюкзак спортивный,Спорт,1,3719.35,Казань,3719.35
500161,2023-01-14,C100457,Кроссовки,Одежда,1,5745.75,Санкт-Петербург,5745.75
502912,2023-07-01,C100487,Шапка,Одежда,1,760.53,Новосибирск,760.53
502947,2023-09-16,C100076,Постельное белье,Дом и сад,2,2343.71,Казань,4687.42
502197,2023-02-17,C100676,Постельное белье,Дом и сад,1,2188.74,Новосибирск,2188.74
501875,2023-05-01,C100444,Куртка,Одежда,1,6939.7,Москва,6939.7
501138,2023-02-26,C100210,Постельное белье,Дом и сад,1,2095.55,Москва,2095.55
501386,2023-01-30,C100452,Рюкзак спортивный,Спорт,1,3625.04,Санкт-Петербург,3625.04
501199,2023-08-03,C100433,Органайзер,Дом и сад,1,923.33,Санкт-Петербург,923.33
503257,2023-12-05,C100100,Крем для лица,Красота,1,1273.02,Москва,1273.02
501802,2023-08-22,C100116,Массажер,Красота,1,4329.4,Новосибирск,4329.4
501923,2023-02-22,C100140,Бутылка для воды,Спорт,1,655.03,Москва,655.03
500163,2023-01-28,C100374,Наушники,Электроника,1,2649.21,Москва,2649.21
502902,2023-04-06,C100141,Массажер,Красота,1,4535.6,Москва,4535.6
501931,2023-07-16,C100576,Шапка,Одежда,1,773.31,Москва,773.31
502194,2023-04-24,C100355,Крем для лица,Красота,1,1313.59,Екатеринбург,1313.59
500186,2023-12-14,C100452,Кроссовки,Одежда,2,4769.48,Казань,9538.96
500460,2023-11-03,C100001,Кроссовки,Одежда,1,5517.31,Санкт-Петербург,5517.31
501768,2023-12-21,C100487,Смартфон-чехол,Электроника,1,800.75,Москва,800.75
503046,2023-04-05,C100182,Парфюм,Красота,2,4155.9,Москва,8311.8
501008,2023-11-15,C100061,Powerbank,Электроника,1,1891.43,Новосибирск,1891.43
501009,2023-11-19,C100584,Кроссовки,Одежда,2,5346.22,Санкт-Петербург,10692.44
502400,2023-11-09,C100134,Бутылка для воды,Спорт,1,588.95,Москва,588.95
502125,2023-11-12,C100158,Джинсы,Одежда,1,3308.51,Екатеринбург,3308.51
501889,2023-07-17,C100579,Плед,Дом и сад,1,1876.97,Казань,1876.97
502215,2023-08-28,C100264,Крем для лица,Красота,3,1321.1,Санкт-Петербург,3963.3
501288,2023-12-15,C100544,Шампунь,Красота,1,545.67,Санкт-Петербург,545.67
500369,2023-12-17,C100670,Набор кастрюль,Дом и сад,2,4430.66,Казань,8861.32
501169,2023-08-15,C100749,Коврик для йоги,Спорт,2,1347.86,Москва,2695.72
501403,2023-09-18,C100443,Набор косметики,Красота,1,2503.91,Казань,2503.91
501651,2023-01-03,C100536,Шапка,Одежда,1,804.74,Екатеринбург,804.74
501319,2023-10-30,C100517,Набор кастрюль,Дом и сад,1,4413.29,Новосибирск,4413.29
500494,2023-08-31,C100516,Футболка,Одежда,1,1003.13,Казань,1003.13
500232,2023-10-17,C100519,Наушники,Электроника,2,2316.49,Санкт-Петербург,4632.98
502432,2023-06-20,C100707,Парфюм,Красота,1,3621.77,Екатеринбург,3621.77
500334,2023-02-03,C100031,Умные часы,Электроника,1,6484.54,Санкт-Петербург,6484.54
501476,2023-10-11,C100330,Наушники,Электроника,1,2408.8,Москва,2408.8
502669,2023-06-21,C100373,Гантели,Спорт,1,2407.2,Москва,2407.2
500789,2023-04-30,C100183,Куртка,Одежда,1,6387.72,Казань,6387.72
502036,2023-10-05,C100099,Велоперчатки,Спорт,1,840.04,Новосибирск,840.04
501821,2023-10-03,C100196,Шапка,Одежда,1,641.9,Новосибирск,641.9
502656,2023-12-09,C100431,Постельное белье,Дом и сад,1,1916.85,Санкт-Петербург,1916.85
500381,2023-01-24,C100179,Велоперчатки,Спорт,1,848.18,Казань,848.18
502370,2023-02-17,C100738,Парфюм,Красота,1,3969.38,Санкт-Петербург,3969.38
500068,2023-02-10,C100597,Гантели,Спорт,2,2004.73,Москва,4009.46
501699,2023-04-27,C100807,Парфюм,Красота,1,3545.45,Новосибирск,3545.45
503346,2023-12-03,C100080,Кроссовки,Одежда,2,5478.74,Казань,10957.48
500478,2023-08-15,C100242,Джинсы,Одежда,2,3284.32,Екатеринбург,6568.64
502836,2023-09-16,C100693,Бутылка для воды,Спорт,1,584.21,Санкт-Петербург,584.21
502531,2023-09-25,C100169,Куртка,Одежда,2,7082.99,Москва,14165.98
502217,2023-03-14,C100841,Бутылка для воды,Спорт,1,557.77,Казань,557.77
501173,2023-04-29,C100102,Смартфон-чехол,Электроника,2,856.99,Санкт-Петербург,1713.98
502848,2023-01-16,C100404,Куртка,Одежда,1,6399.21,Новосибирск,6399.21
503372,2023-12-10,C100731,Powerbank,Электроника,1,1689.74,Москва,1689.74
501282,2023-11-23,C100553,Настольная лампа,Дом и сад,2,1620.71,Москва,3241.42
502037,2023-12-26,C100617,Смартфон-чехол,Электроника,1,814.44,Казань,814.44
501603,2023-02-28,C100064,Коврик для йоги,Спорт,1,1376.43,Казань,1376.43
500208,2023-05-27,C100836,Джинсы,Одежда,1,3647.26,Казань,3647.26
501334,2023-10-27,C100207,Гантели,Спорт,2,2219.49,Новосибирск,4438.98
500200,2023-12-01,C100476,Массажер,Красота,1,4140.19,Санкт-Петербург,4140.19
503377,2023-12-04,C100243,Органайзер,Дом и сад,1,1032.78,Екатеринбург,1032.78
501681,2023-10-12,C100429,Массажер,Красота,1,4267.35,Санкт-Петербург,4267.35
500882,2023-01-15,C100354,Гантели,Спорт,1,2014.59,Екатеринбург,2014.59
500144,2023-03-31,C100478,Джинсы,Одежда,1,3036.02,Новосибирск,3036.02
501581,2023-05-24,C100232,Органайзер,Дом и сад,1,984.56,Санкт-Петербург,984.56
500250,2023-12-29,C100727,Куртка,Одежда,1,7205.09,Санкт-Петербург,7205.09
502171,2023-01-23,C100232,Органайзер,Дом и сад,2,942.78,Москва,1885.56
502219,2023-10-14,C100134,Органайзер,Дом и сад,1,976.32,Санкт-Петербург,976.32
501455,2023-10-08,C100760,Массажер,Красота,1,4502.57,Екатеринбург,4502.57
502249,2023-01-10,C100230,Умные часы,Электроника,1,6097.52,Новосибирск,6097.52
501939,2023-02-08,C100841,Набор кастрюль,Дом и сад,1,3865.16,Москва,3865.16
500418,2023-12-04,C100243,Органайзер,Дом и сад,1,1032.78,Екатеринбург,1032.78
503292,2023-11-29,C100383,Велоперчатки,Спорт,1,852.8,Санкт-Петербург,852.8
502472,2023-03-01,C100750,Bluetooth-колонка,Электроника,1,3219.56,Москва,3219.56
502080,2023-07-20,C100020,Футболка,Одежда,1,1012.84,Екатеринбург,1012.84
501901,2023-12-31,C100412,Наушники,Электроника,1,2400.19,Москва,2400.19
502186,2023-09-24,C100330,Коврик для йоги,Спорт,1,1243.22,Новосибирск,1243.22
502748,2023-08-17,C100188,Футболка,Одежда,1,975.81,Москва,975.81
502979,2023-02-05,C100013,Кроссовки,Одежда,2,4739.23,Новосибирск,9478.46
501865,2023-08-11,C100314,Умные часы,Электроника,1,7047.59,Москва,7047.59
501129,2023-08-31,C100303,Гантели,Спорт,1,2495.74,Санкт-Петербург,2495.74
501523,2023-03-02,C100702,Умные часы,Электроника,1,7165.02,Москва,7165.02
502315,2023-08-19,C100802,Бутылка для воды,Спорт,3,581.45,Санкт-Петербург,1744.35
502120,2023-10-23,C100476,Умные часы,Электроника,1,6924.15,Москва,6924.15
501486,2023-01-02,C100608,Плед,Дом и сад,1,1625.83,Санкт-Петербург,1625.83
502964,2023-10-18,C100841,Powerbank,Электроника,1,1902.39,Москва,1902.39
502812,2023-08-25,C100692,Наушники,Электроника,1,2608.5,Казань,2608.5
500913,2023-06-08,C100624,Футболка,Одежда,1,950.83,,950.83
501877,2023-10-31,C100471,Смартфон-чехол,Электроника,1,783.92,Новосибирск,783.92
503280,2023-12-05,C100117,Powerbank,Электроника,2,1752.64,Казань,3505.28
500084,2023-12-14,C100541,Крем для лица,Красота,3,1123.96,Новосибирск,3371.88
500766,2023-10-03,C100450,Шапка,Одежда,1,665.77,Москва,665.77
502479,2023-06-14,C100001,Футболка,Одежда,1,838.63,Новосибирск,838.63
500103,2023-01-30,C100472,Наушники,Электроника,1,2400.81,Москва,2400.81
500147,2023-02-18,C100063,Шапка,Одежда,1,702.92,Москва,702.92
501134,2023-03-28,C100249,Постельное белье,Дом и сад,1,2038.36,Санкт-Петербург,2038.36
502346,2023-06-12,C100751,Настольная лампа,Дом и сад,2,1552.04,Екатеринбург,3104.08
500395,2023-12-18,C100424,Футболка,Одежда,1,913.06,Новосибирск,913.06
503119,2023-06-20,C100444,Умные часы,Электроника,1,7031.24,Казань,7031.24
502054,2023-08-01,C100186,Набор косметики,Красота,1,2913.78,Новосибирск,2913.78
503281,2023-11-08,C100672,Шапка,Одежда,1,710.36,Москва,710.36
501222,2023-08-21,C100457,Наушники,Электроника,1,2615.04,Москва,2615.04
502150,2023-01-07,C100569,Парфюм,Красота,1,3946.77,Москва,3946.77
502191,2023-09-21,C100420,Куртка,Одежда,3,6703.16,Москва,20109.48
501719,2023-07-16,C100379,Постельное белье,Дом и сад,2,2071.22,Санкт-Петербург,4142.44
501289,2023-10-20,C100198,Парфюм,Красота,1,3670.75,Казань,3670.75
500322,2023-06-03,C100616,Велоперчатки,Спорт,1,893.13,Москва,893.13
500112,2023-09-26,C100230,Шампунь,Красота,1,603.61,Москва,603.61
500589,2023-06-15,C100819,Набор косметики,Красота,1,2644.55,Москва,2644.55
501907,2023-09-02,C100775,Футболка,Одежда,1,867.44,Екатеринбург,867.44
503421,2023-12-25,C100267,Powerbank,Электроника,1,1861.35,Казань,1861.35
502092,2023-12-14,C100417,Парфюм,Красота,1,3943.8,Екатеринбург,3943.8
502426,2023-05-10,C100487,Кроссовки,Одежда,2,5617.94,Казань,11235.88
501479,2023-07-31,C100669,Крем для лица,Красота,1,1207.06,Москва,1207.06
502224,2023-12-05,C100562,Настольная лампа,Дом и сад,1,1365.79,Москва,1365.79
500137,2023-08-14,C100059,Набор кастрюль,Дом и сад,1,4128.34,Казань,4128.34
501878,2023-09-29,C100704,Парфюм,Красота,3,4324.26,Екатеринбург,12972.78
500654,2023-07-26,C100670,Смартфон-чехол,Электроника,1,863.91,Казань,863.91
502218,2023-11-07,C100675,Органайзер,Дом и сад,1,815.05,,815.05
502256,2023-06-12,C100759,Парфюм,Красота,1,4009.7,Москва,4009.7
502717,2023-06-12,C100625,Куртка,Одежда,2,7752.94,Екатеринбург,15505.88
502104,2023-01-17,C100350,Шампунь,Красота,1,560.19,Москва,560.19
502905,2023-05-01,C100637,Коврик для йоги,Спорт,2,1176.44,Москва,2352.88
501048,2023-12-01,C100378,Органайзер,Дом и сад,1,907.83,Москва,907.83
502744,2023-03-13,C100837,Футболка,Одежда,1,871.99,Екатеринбург,871.99
502892,2023-12-02,C100313,Футболка,Одежда,1,1011.51,Санкт-Петербург,1011.51
501531,2023-12-29,C100812,Набор кастрюль,Дом и сад,1,4097.13,Москва,4097.13
500931,2023-07-31,C100402,Постельное белье,Дом и сад,1,2413.82,Казань,2413.82
501465,2023-05-05,C100251,Футболка,Одежда,1,946.85,Москва,946.85
500221,2023-11-03,C100233,Постельное белье,Дом и сад,2,2093.18,Екатеринбург,4186.36
500928,2023-08-05,C100589,Футболка,Одежда,1,1025.53,Санкт-Петербург,1025.53
502285,2023-04-09,C100319,Набор кастрюль,Дом и сад,1,4572.12,Санкт-Петербург,4572.12
502190,2023-06-22,C100838,Настольная лампа,Дом и сад,1,1494.62,Санкт-Петербург,1494.62
502682,2023-12-03,C100253,Рюкзак спортивный,Спорт,1,3087.19,Екатеринбург,3087.19
502582,2023-11-17,C100764,Шапка,Одежда,1,677.96,Екатеринбург,677.96
502487,2023-04-05,C100099,Коврик для йоги,Спорт,1,1379.13,Санкт-Петербург,1379.13
500534,2023-05-09,C100293,Плед,Дом и сад,1,1794.13,,1794.13
502918,2023-10-29,C100692,Парфюм,Красота,1,4353.55,Новосибирск,4353.55
500607,2023-04-23,C100356,Плед,Дом и сад,1,1684.07,Екатеринбург,1684.07
500075,2023-04-21,C100063,Шампунь,Красота,1,575.83,Екатеринбург,575.83
501966,2023-03-23,C100751,Футболка,Одежда,1,844.75,Санкт-Петербург,844.75
502458,2023-10-22,C100487,Powerbank,Электроника,1,1789.93,Москва,1789.93
501323,2023-06-04,C100697,Гантели,Спорт,1,2031.19,Санкт-Петербург,2031.19
501577,2023-06-08,C100572,Настольная лампа,Дом и сад,1,1605.11,Новосибирск,1605.11
502187,2023-03-08,C100524,Футболка,Одежда,1,919.97,Москва,919.97
500114,2023-04-19,C100646,Кроссовки,Одежда,2,5173.64,Санкт-Петербург,10347.28
500987,2023-06-13,C100498,Настольная лампа,Дом и сад,2,1355.13,Новосибирск,2710.26
503025,2023-03-06,C100808,Массажер,Красота,1,4039.72,Москва,4039.72
502069,2023-06-14,C100722,Коврик для йоги,Спорт,2,1290.51,Москва,2581.02
500223,2023-10-30,C100422,Плед,Дом и сад,1,1870.3,Екатеринбург,1870.3
500519,2023-09-07,C100329,Плед,Дом и сад,1,1748.01,Москва,1748.01
501349,2023-03-05,C100841,Наушники,Электроника,3,2714.97,Екатеринбург,8144.91
501503,2023-05-04,C100693,Рюкзак спортивный,Спорт,2,3875.12,Санкт-Петербург,7750.24
501666,2023-02-04,C100516,Плед,Дом и сад,1,1573.26,Москва,1573.26
501556,2023-04-11,C100776,Массажер,Красота,3,4499.96,Москва,13499.88
501120,2023-02-27,C100207,Плед,Дом и сад,1,1710.33,Санкт-Петербург,1710.33
500036,2023-12-15,C100693,Bluetooth-колонка,Электроника,1,3674.48,Екатеринбург,3674.48
500831,2023-12-20,C100508,Крем для лица,Красота,1,1352.94,Москва,1352.94
502723,2023-05-27,C100002,Органайзер,Дом и сад,1,930.49,Новосибирск,930.49
502438,2023-07-28,C100672,Коврик для йоги,Спорт,1,1379.96,Санкт-Петербург,1379.96
501762,2023-05-08,C100432,Коврик для йоги,Спорт,1,1199.81,Москва,1199.81
502452,2023-03-29,C100130,Powerbank,Электроника,1,1955.29,Екатеринбург,1955.29
500348,2023-10-12,C100394,Шампунь,Красота,1,591.15,Москва,591.15
500168,2023-07-08,C100471,Набор кастрюль,Дом и сад,2,4760.06,Новосибирск,9520.12
503001,2023-11-12,C100541,Парфюм,Красота,1,4042.59,Новосибирск,4042.59
500117,2023-11-01,C100138,Набор косметики,Красота,1,2662.1,Москва,2662.1
502158,2023-10-06,C100205,Массажер,Красота,1,4060.23,Санкт-Петербург,4060.23
500531,2023-05-15,C100192,Парфюм,Красота,1,3459.77,Казань,3459.77
502025,2023-07-12,C100374,Рюкзак спортивный,Спорт,2,3695.19,Новосибирск,7390.38
502894,2023-01-12,C100200,Крем для лица,Красота,1,1337.69,Казань,1337.69
500321,2023-05-01,C100498,Наушники,Электроника,1,2504.12,Москва,2504.12
501029,2023-07-10,C100590,Настольная лампа,Дом и сад,1,1653.35,Екатеринбург,1653.35
503321,2023-11-11,C100731,Набор кастрюль,Дом и сад,1,4530.18,Казань,4530.18
501583,2023-08-13,C100521,Кроссовки,Одежда,1,5080.69,Москва,5080.69
501671,2023-02-05,C100452,Шампунь,Красота,1,584.24,Новосибирск,584.24
500474,2023-02-26,C100243,Гантели,Спорт,1,2463.41,Санкт-Петербург,2463.41
502268,2023-02-21,C100596,Плед,Дом и сад,1,1568.58,Новосибирск,1568.58
502679,2023-04-04,C100053,Рюкзак спортивный,Спорт,1,3142.03,Санкт-Петербург,3142.03
502155,2023-07-05,C100208,Шампунь,Красота,2,621.6,Казань,1243.2
503177,2023-05-01,C100218,Коврик для йоги,Спорт,1,1171.32,Москва,1171.32
502040,2023-01-08,C100133,Плед,Дом и сад,2,1646.45,Новосибирск,3292.9
502660,2023-03-09,C100586,Умные часы,Электроника,1,7407.82,Москва,7407.82
502874,2023-12-30,C100270,Шапка,Одежда,1,683.35,Новосибирск,683.35
502464,2023-09-17,C100757,Куртка,Одежда,1,7418.64,,7418.64
501764,2023-07-31,C100151,Смартфон-чехол,Электроника,1,886.97,Новосибирск,886.97
500228,2023-01-19,C100538,Постельное белье,Дом и сад,1,2234.42,Казань,2234.42
502073,2023-02-16,C100253,Коврик для йоги,Спорт,2,1211.45,Санкт-Петербург,2422.9
502503,2023-06-02,C100318,Бутылка для воды,Спорт,2,663.79,Санкт-Петербург,1327.58
501780,2023-02-02,C100120,Шапка,Одежда,1,659.87,Казань,659.87
501026,2023-09-15,C100444,Куртка,Одежда,3,7816.86,Новосибирск,23450.58
503054,2023-08-06,C100153,Настольная лампа,Дом и сад,1,1417.34,Казань,1417.34
500194,2023-04-03,C100041,Куртка,Одежда,1,6568.86,Санкт-Петербург,6568.86
501731,2023-05-30,C100200,Bluetooth-колонка,Электроника,1,3132.17,Москва,3132.17
500082,2023-12-25,C100473,Футболка,Одежда,1,846.42,Санкт-Петербург,846.42
502657,2023-04-06,C100063,Парфюм,Красота,1,3672.08,Екатеринбург,3672.08
502932,2023-01-26,C100807,Футболка,Одежда,1,1020.64,Москва,1020.64
502266,2023-06-28,C100105,Органайзер,Дом и сад,1,881.26,Новосибирск,881.26
502146,2023-03-15,C100457,Настольная лампа,Дом и сад,1,1660.48,Москва,1660.48
501477,2023-08-11,C100536,Футболка,Одежда,1,831.39,Санкт-Петербург,831.39
500669,2023-08-15,C100183,Куртка,Одежда,1,7469.46,Санкт-Петербург,7469.46
500063,2023-03-31,C100460,Постельное белье,Дом и сад,1,2253.24,Казань,2253.24
501772,2023-12-03,C100367,Бутылка для воды,Спорт,2,631.15,Санкт-Петербург,1262.3
500850,2023-09-21,C100373,Настольная лампа,Дом и сад,1,1497.59,Москва,1497.59
503164,2023-07-16,C100775,Бутылка для воды,Спорт,1,612.78,Санкт-Петербург,612.78
501478,2023-10-09,C100062,Powerbank,Электроника,1,1688.91,Казань,1688.91
501435,2023-09-30,C100432,Бутылка для воды,Спорт,1,614.67,Москва,614.67
503425,2023-11-06,C100498,Наушники,Электроника,1,2266.61,Казань,2266.61
502685,2023-11-24,C100166,Умные часы,Электроника,1,7196.32,Москва,7196.32
501454,2023-11-30,C100498,Органайзер,Дом и сад,1,924.85,Новосибирск,924.85
500516,2023-07-08,C100487,Массажер,Красота,1,3921.16,Москва,3921.16
501355,2023-01-06,C100334,Коврик для йоги,Спорт,1,1362.99,Новосибирск,1362.99
503305,2023-12-12,C100766,Powerbank,Электроника,1,1825.96,Москва,1825.96
500110,2023-08-02,C100417,Джинсы,Одежда,1,3194.6,Новосибирск,3194.6
501630,2023-08-01,C100775,Умные часы,Электроника,1,6640.01,Новосибирск,6640.01
502423,2023-05-17,C100250,Кроссовки,Одежда,1,5079.24,Новосибирск,5079.24
502286,2023-04-13,C100564,Куртка,Одежда,1,6686.98,Санкт-Петербург,6686.98
500041,2023-06-22,C100695,Настольная лампа,Дом и сад,1,1537.87,Екатеринбург,1537.87
501705,2023-06-15,C100645,Шапка,Одежда,1,774.9,Новосибирск,774.9
503155,2023-08-15,C100487,Крем для лица,Красота,1,1315.28,Казань,1315.28
503187,2023-05-19,C100395,Коврик для йоги,Спорт,1,1404.74,Москва,1404.74
503293,2023-12-31,C100290,Рюкзак спортивный,Спорт,1,3264.63,Санкт-Петербург,3264.63
503315,2023-12-19,C100493,Крем для лица,Красота,1,1160.59,Москва,1160.59
501126,2023-03-21,C100635,Плед,Дом и сад,1,1614.6,Екатеринбург,1614.6
501089,2023-12-19,C100054,Бутылка для воды,Спорт,2,687.06,Казань,1374.12
500312,2023-05-28,C100561,Массажер,Красота,1,4213.65,Новосибирск,4213.65
501632,2023-05-25,C100838,Набор косметики,Красота,1,2447.17,Новосибирск,2447.17
502055,2023-10-21,C100318,Бутылка для воды,Спорт,2,551.84,,1103.68
501983,2023-09-21,C100512,Настольная лампа,Дом и сад,1,1493.1,Екатеринбург,1493.1
500020,2023-06-20,C100635,Bluetooth-колонка,Электроника,1,2892.64,Екатеринбург,2892.64
501427,2023-12-30,C100453,Гантели,Спорт,1,2499.08,Казань,2499.08
500358,2023-04-11,C100249,Коврик для йоги,Спорт,2,1481.73,Екатеринбург,2963.46
500361,2023-04-13,C100733,Смартфон-чехол,Электроника,1,728.41,Москва,728.41
503072,2023-12-07,C100449,Настольная лампа,Дом и сад,1,1606.69,Москва,1606.69
503205,2023-12-02,C100483,Bluetooth-колонка,Электроника,2,3656.31,Санкт-Петербург,7312.62
503234,2023-11-06,C100214,Велоперчатки,Спорт,1,957.28,Екатеринбург,957.28
502277,2023-06-15,C100291,Футболка,Одежда,2,938.27,Санкт-Петербург,1876.54
500290,2023-01-15,C100321,Парфюм,Красота,2,3626.95,Казань,7253.9
501828,2023-09-08,C100209,Набор кастрюль,Дом и сад,1,3863.12,Екатеринбург,3863.12
500393,2023-09-13,C100213,Парфюм,Красота,2,3958.99,Москва,7917.98
502395,2023-03-01,C100590,Органайзер,Дом и сад,1,885.77,Новосибирск,885.77
501010,2023-08-20,C100406,Крем для лица,Красота,1,1097.75,Москва,1097.75
501814,2023-03-03,C100378,Массажер,Красота,1,4553.2,Екатеринбург,4553.2
502338,2023-08-19,C100725,Бутылка для воды,Спорт,1,614.74,Екатеринбург,614.74
500658,2023-10-30,C100630,Наушники,Электроника,2,2300.01,Казань,4600.02
501247,2023-10-09,C100040,Настольная лампа,Дом и сад,1,1507.51,Москва,1507.51
501826,2023-05-01,C100235,Крем для лица,Красота,1,1334.65,Казань,1334.65
503204,2023-12-10,C100222,Набор косметики,Красота,1,0.0,Санкт-Петербург,2939.08
503075,2023-11-28,C100071,Рюкзак спортивный,Спорт,2,3369.41,Москва,6738.82
500202,2023-04-28,C100707,Настольная лампа,Дом и сад,1,1515.81,Новосибирск,1515.81
501648,2023-10-18,C100431,Кроссовки,Одежда,1,5759.5,Москва,5759.5
502298,2023-01-06,C100751,Гантели,Спорт,1,2491.41,Санкт-Петербург,2491.41
503267,2023-11-26,C100101,Бутылка для воды,Спорт,1,587.98,Москва,587.98
501422,2023-08-10,C100205,Крем для лица,Красота,1,1293.94,Екатеринбург,1293.94
502944,2023-01-25,C100235,Набор кастрюль,Дом и сад,1,4456.47,Москва,4456.47
502422,2023-09-04,C100413,Коврик для йоги,Спорт,1,1422.67,Новосибирск,1422.67
503320,2023-12-25,C100473,Футболка,Одежда,1,846.42,Санкт-Петербург,846.42
500371,2023-07-19,C100625,Коврик для йоги,Спорт,1,1349.06,Екатеринбург,1349.06
502112,2023-06-10,C100109,Коврик для йоги,Спорт,1,1172.03,Москва,1172.03
500314,2023-07-25,C100129,Bluetooth-колонка,Электроника,1,3233.91,Казань,3233.91
503057,2023-09-10,C100757,Куртка,Одежда,1,7442.98,Москва,7442.98
501980,2023-07-12,C100141,Джинсы,Одежда,1,3599.54,Москва,3599.54
500594,2023-05-24,C100697,Крем для лица,Красота,2,1118.75,Екатеринбург,2237.5
503382,2023-12-21,C100428,Настольная лампа,Дом и сад,1,1511.61,Новосибирск,1511.61
500971,2023-07-31,C100378,Рюкзак спортивный,Спорт,2,3356.88,Москва,6713.76
500203,2023-12-01,C100632,Кроссовки,Одежда,1,5654.65,Москва,5654.65
503325,2023-11-30,C100693,Смартфон-чехол,Электроника,1,864.97,Москва,864.97
502301,2023-05-03,C100807,Гантели,Спорт,1,2430.2,Казань,2430.2
502542,2023-04-23,C100674,Постельное белье,Дом и сад,2,2131.08,Новосибирск,4262.16
502862,2023-06-09,C100001,Крем для лица,Красота,2,1263.46,Москва,2526.92
502210,2023-09-25,C100462,Велоперчатки,Спорт,2,947.22,Москва,1894.44
502087,2023-02-21,C100601,Крем для лица,Красота,1,1346.78,Москва,1346.78
502302,2023-06-16,C100692,Плед,Дом и сад,1,1784.84,Екатеринбург,1784.84
500439,2023-04-22,C100314,Куртка,Одежда,2,6814.48,Казань,13628.96
500327,2023-09-12,C100616,Плед,Дом и сад,1,1570.58,Казань,1570.58
501159,2023-08-17,C100178,Рюкзак спортивный,Спорт,2,3879.86,Екатеринбург,7759.72
503160,2023-10-16,C100136,Органайзер,Дом и сад,3,827.31,Санкт-Петербург,2481.93
502731,2023-11-14,C100270,Умные часы,Электроника,2,7138.64,Санкт-Петербург,14277.28
500388,2023-09-08,C100626,Крем для лица,Красота,1,1191.38,Москва,1191.38
501042,2023-11-01,C100395,Шапка,Одежда,1,804.46,Казань,804.46
502161,2023-03-13,C100830,Органайзер,Дом и сад,1,1023.29,Москва,1023.29
501188,2023-03-25,C100558,Набор косметики,Красота,1,2785.74,Москва,2785.74
500282,2023-05-06,C100608,Велоперчатки,Спорт,2,971.43,Санкт-Петербург,1942.86
502066,2023-06-11,C100099,Органайзер,Дом и сад,1,1019.79,Москва,1019.79
500352,2023-04-01,C100617,Джинсы,Одежда,1,3660.96,Екатеринбург,3660.96
501356,2023-06-10,C100604,Bluetooth-колонка,Электроника,1,3073.34,Екатеринбург,3073.34
501872,2023-02-01,C100504,Крем для лица,Красота,1,1118.03,Санкт-Петербург,1118.03
501756,2023-03-15,C100218,Велоперчатки,Спорт,1,914.06,Москва,914.06
501596,2023-08-14,C100672,Коврик для йоги,Спорт,2,1324.63,Москва,2649.26
502321,2023-09-27,C100327,Парфюм,Красота,1,3795.21,Санкт-Петербург,3795.21
500043,2023-08-02,C100583,Шампунь,Красота,1,596.64,Москва,596.64
502272,2023-09-08,C100378,Наушники,Электроника,1,2394.55,Екатеринбург,2394.55
502805,2023-02-06,C100675,Футболка,Одежда,1,867.51,Казань,867.51
500102,2023-03-02,C100095,Массажер,Красота,1,4318.95,Новосибирск,4318.95
503107,2023-01-21,C100377,Массажер,Красота,2,4471.61,Москва,8943.22
503403,2023-12-07,C100148,Рюкзак спортивный,Спорт,1,3650.35,Санкт-Петербург,3650.35
500447,2023-08-28,C100378,Набор кастрюль,Дом и сад,1,4091.79,Москва,4091.79
502076,2023-03-07,C100136,Набор косметики,Красота,3,2801.94,Москва,8405.82
501274,2023-02-17,C100136,Кроссовки,Одежда,1,4912.76,Новосибирск,4912.76
500135,2023-03-06,C100608,Плед,Дом и сад,1,1801.79,Казань,1801.79
500575,2023-05-04,C100635,Коврик для йоги,Спорт,1,1192.56,Новосибирск,1192.56
500877,2023-12-03,C100297,Набор кастрюль,Дом и сад,1,4133.77,Москва,4133.77
503048,2023-03-11,C100829,Кроссовки,Одежда,1,5919.38,Санкт-Петербург,5919.38
503387,2023-12-13,C100540,Коврик для йоги,Спорт,1,1210.23,Санкт-Петербург,1210.23
500857,2023-10-04,C100756,Куртка,Одежда,1,6258.52,Санкт-Петербург,6258.52
500129,2023-03-27,C100584,Powerbank,Электроника,1,1904.6,Москва,1904.6
501915,2023-12-20,C100347,Крем для лица,Красота,1,1290.59,Санкт-Петербург,1290.59
500748,2023-03-16,C100345,Bluetooth-колонка,Электроника,1,2905.86,Новосибирск,2905.86
501809,2023-09-15,C100379,Коврик для йоги,Спорт,3,1284.8,Москва,3854.4
500573,2023-02-06,C100576,Джинсы,Одежда,1,3500.48,Екатеринбург,3500.48
502884,2023-04-15,C100329,Органайзер,Дом и сад,1,845.12,Москва,845.12
501899,2023-08-23,C100262,Джинсы,Одежда,1,2967.38,Санкт-Петербург,2967.38
501847,2023-04-01,C100073,Наушники,Электроника,1,2516.75,Санкт-Петербург,2516.75
503122,2023-09-12,C100819,Бутылка для воды,Спорт,1,673.85,Новосибирск,673.85
500876,2023-12-04,C100606,Плед,Дом и сад,1,1953.13,Санкт-Петербург,1953.13
500104,2023-04-03,C100282,Органайзер,Дом и сад,2,987.94,Новосибирск,1975.88
500723,2023-11-22,C100219,Гантели,Спорт,1,2420.21,Санкт-Петербург,2420.21
500411,2023-10-24,C100590,Кроссовки,Одежда,1,5405.25,Москва,5405.25
502324,2023-10-13,C100795,Набор кастрюль,Дом и сад,1,4299.35,Новосибирск,4299.35
501179,2023-08-14,C100639,Настольная лампа,Дом и сад,1,1718.02,Санкт-Петербург,1718.02
503308,2023-11-11,C100566,Bluetooth-колонка,Электроника,1,3589.47,Москва,3589.47
500605,2023-09-18,C100275,Шапка,Одежда,2,673.84,Москва,1347.68
503319,2023-12-27,C100244,Смартфон-чехол,Электроника,1,724.03,Казань,724.03
501234,2023-01-23,C100060,Наушники,Электроника,3,2427.86,Москва,7283.58
503211,2023-11-21,C100388,Набор кастрюль,Дом и сад,2,4815.35,Санкт-Петербург,9630.7
501434,2023-03-13,C100761,Шампунь,Красота,1,594.56,Москва,594.56
500385,2023-07-09,C100639,Смартфон-чехол,Электроника,1,807.82,Москва,807.82
500894,2023-07-01,C100472,Коврик для йоги,Спорт,1,1400.17,Новосибирск,1400.17
500057,2023-02-16,C100599,Шапка,Одежда,2,769.57,Новосибирск,1539.14
502383,2023-01-04,C100364,Гантели,Спорт,1,2332.74,Санкт-Петербург,2332.74
500712,2023-01-22,C100116,Набор кастрюль,Дом и сад,1,4167.05,Москва,4167.05
500325,2023-05-27,C100546,Смартфон-чехол,Электроника,1,784.64,Новосибирск,784.64
501803,2023-06-10,C100750,Шампунь,Красота,2,566.4,Москва,1132.8
500079,2023-02-08,C100484,Куртка,Одежда,1,6330.56,Казань,6330.56
500541,2023-12-08,C100001,Крем для лица,Красота,1,1094.55,Санкт-Петербург,1094.55
500356,2023-02-17,C100171,Массажер,Красота,1,4038.76,Санкт-Петербург,4038.76
502440,2023-03-20,C100461,Смартфон-чехол,Электроника,1,811.99,Санкт-Петербург,811.99
501843,2023-02-10,C100240,Bluetooth-колонка,Электроника,1,3553.33,Новосибирск,3553.33
500360,2023-02-20,C100691,Умные часы,Электроника,1,7472.17,Казань,7472.17
501019,2023-05-15,C100553,Смартфон-чехол,Электроника,1,896.77,Казань,896.77
502450,2023-02-15,C100614,Шампунь,Красота,1,615.72,Новосибирск,615.72
503032,2023-01-27,C100162,Органайзер,Дом и сад,2,935.24,Казань,1870.48
503416,2023-11-06,C100275,Умные часы,Электроника,1,7388.92,Санкт-Петербург,7388.92
500916,2023-07-01,C100338,Джинсы,Одежда,1,3663.73,Санкт-Петербург,3663.73
500308,2023-05-14,C100792,Органайзер,Дом и сад,1,869.35,Москва,869.35
501414,2023-11-21,C100388,Набор кастрюль,Дом и сад,2,4815.35,Санкт-Петербург,9630.7
500814,2023-05-11,C100786,Рюкзак спортивный,Спорт,1,3818.46,Санкт-Петербург,3818.46
500042,2023-10-03,C100140,Смартфон-чехол,Электроника,2,880.12,Новосибирск,1760.24
503463,2023-11-23,C100347,Шампунь,Красота,3,536.05,Санкт-Петербург,1608.15
501406,2023-10-17,C100552,Джинсы,Одежда,1,3432.68,Москва,3432.68
501813,2023-01-25,C100151,Наушники,Электроника,1,2401.15,Екатеринбург,2401.15
502041,2023-12-23,C100569,Коврик для йоги,Спорт,1,1229.08,Москва,1229.08
501682,2023-04-20,C100650,Умные часы,Электроника,2,6021.95,Казань,12043.9
500883,2023-12-08,C100235,Массажер,Красота,1,4670.97,Новосибирск,4670.97
501885,2023-01-14,C100232,Гантели,Спорт,1,2070.07,Санкт-Петербург,2070.07
500699,2023-10-10,C100250,Рюкзак спортивный,Спорт,1,3264.56,Новосибирск,3264.56
503227,2023-11-12,C100582,Bluetooth-колонка,Электроника,2,3332.45,Москва,6664.9
500004,2023-11-20,C100054,Рюкзак спортивный,Спорт,1,3875.23,Казань,3875.23
503269,2023-12-21,C100760,Рюкзак спортивный,Спорт,1,3315.86,Москва,3315.86
500216,2023-10-26,C100318,Плед,Дом и сад,1,1897.06,Санкт-Петербург,1897.06
500977,2023-10-16,C100133,Powerbank,Электроника,1,1792.95,Москва,1792.95
500099,2023-05-27,C100249,Смартфон-чехол,Электроника,1,828.59,Новосибирск,828.59
502075,2023-07-20,C100677,Футболка,Одежда,1,930.46,Москва,930.46
502038,2023-07-22,C100484,Постельное белье,Дом и сад,1,2390.41,Екатеринбург,2390.41
503200,2023-07-09,C100726,Куртка,Одежда,1,6871.27,Санкт-Петербург,6871.27
501371,2023-01-09,C100061,Велоперчатки,Спорт,1,929.28,Москва,929.28
501567,2023-05-28,C100116,Плед,Дом и сад,1,1787.13,Екатеринбург,1787.13
502973,2023-07-28,C100551,Футболка,Одежда,2,996.6,Новосибирск,1993.2
502707,2023-08-12,C100222,Крем для лица,Красота,1,1367.83,Санкт-Петербург,1367.83
501724,2023-09-30,C100589,Куртка,Одежда,1,7059.67,Санкт-Петербург,7059.67
502870,2023-08-07,C100592,Кроссовки,Одежда,3,5074.26,Казань,15222.78
501192,2023-03-03,C100756,Куртка,Одежда,1,6133.43,Новосибирск,6133.43
503418,2023-12-03,C100363,Плед,Дом и сад,1,1657.74,Казань,1657.74
502189,2023-07-11,C100354,Шампунь,Красота,2,536.13,,1072.26
501517,2023-07-12,C100347,Бутылка для воды,Спорт,1,565.95,Екатеринбург,565.95
500701,2023-10-12,C100319,Bluetooth-колонка,Электроника,1,3056.82,Москва,3056.82
500456,2023-05-03,C100334,Гантели,Спорт,1,2088.17,Санкт-Петербург,2088.17
502741,2023-08-31,C100590,Плед,Дом и сад,1,1845.69,Москва,1845.69
501946,2023-04-30,C100550,Набор косметики,Красота,1,2894.3,Казань,2894.3
501767,2023-04-07,C100751,Умные часы,Электроника,1,6788.53,Москва,6788.53
501580,2023-03-18,C100103,Bluetooth-колонка,Электроника,1,3068.14,Москва,3068.14
502571,2023-11-07,C100098,Бутылка для воды,Спорт,1,587.25,Новосибирск,587.25
500522,2023-12-23,C100373,Рюкзак спортивный,Спорт,1,3208.29,Москва,3208.29
501261,2023-08-18,C100677,Умные часы,Электроника,1,6141.88,Казань,6141.88
501684,2023-10-09,C100749,Крем для лица,Красота,1,1167.49,Санкт-Петербург,1167.49
502996,2023-04-30,C100811,Постельное белье,Дом и сад,1,2062.25,Москва,2062.25
501038,2023-02-12,C100566,Куртка,Одежда,3,6838.6,,20515.8
500390,2023-01-09,C100537,Парфюм,Красота,1,3709.71,Москва,3709.71
500952,2023-02-13,C100180,Массажер,Красота,1,4000.57,Санкт-Петербург,4000.57
501511,2023-07-25,C100151,Джинсы,Одежда,2,2983.37,Казань,5966.74
500412,2023-05-02,C100566,Велоперчатки,Спорт,1,983.39,Санкт-Петербург,983.39
502174,2023-08-13,C100063,Набор кастрюль,Дом и сад,1,3901.58,Москва,3901.58
503423,2023-11-06,C100259,Набор косметики,Красота,1,2610.25,Санкт-Петербург,2610.25
502475,2023-10-29,C100387,Крем для лица,Красота,1,1130.3,Москва,1130.3
501302,2023-09-16,C100560,Органайзер,Дом и сад,1,929.81,Екатеринбург,929.81
502958,2023-03-27,C100109,Органайзер,Дом и сад,1,949.68,Новосибирск,949.68
501297,2023-03-11,C100565,Парфюм,Красота,1,3773.54,Москва,3773.54
502698,2023-06-01,C100546,Футболка,Одежда,1,979.41,Казань,979.41
501269,2023-07-14,C100675,Шапка,Одежда,2,684.82,Екатеринбург,1369.64
502697,2023-09-27,C100565,Настольная лампа,Дом и сад,1,1683.08,Москва,1683.08
502820,2023-09-14,C100602,Футболка,Одежда,1,953.53,Москва,953.53
503232,2023-12-19,C100054,Бутылка для воды,Спорт,2,687.06,Казань,1374.12
501022,2023-12-16,C100150,Коврик для йоги,Спорт,2,1254.02,Екатеринбург,2508.04
500502,2023-06-04,C100285,Плед,Дом и сад,1,1917.03,Москва,1917.03
503290,2023-12-30,C100441,Смартфон-чехол,Электроника,2,807.37,Санкт-Петербург,1614.74
502523,2023-10-19,C100651,Шампунь,Красота,1,608.94,Москва,608.94
500759,2023-06-17,C100680,Парфюм,Красота,1,4216.45,Москва,4216.45
502563,2023-07-09,C100142,Постельное белье,Дом и сад,2,1976.73,Екатеринбург,3953.46
500429,2023-02-08,C100473,Коврик для йоги,Спорт,1,1263.2,Санкт-Петербург,1263.2
503449,2023-11-22,C100219,Гантели,Спорт,1,2420.21,Санкт-Петербург,2420.21
501318,2023-07-20,C100418,Шапка,Одежда,2,779.98,Екатеринбург,1559.96
501137,2023-05-10,C100195,Органайзер,Дом и сад,2,1029.07,Москва,2058.14
500074,2023-10-07,C100387,Крем для лица,Красота,1,1316.08,Москва,1316.08
500026,2023-05-24,C100400,Шапка,Одежда,1,701.96,Екатеринбург,701.96
501598,2023-10-05,C100009,Набор косметики,Красота,1,2972.6,Екатеринбург,2972.6
501345,2023-09-20,C100222,Парфюм,Красота,1,3558.83,Москва,3558.83
502044,2023-03-06,C100797,Набор косметики,Красота,1,2535.77,Москва,2535.77
501127,2023-05-20,C100710,Органайзер,Дом и сад,1,815.88,Новосибирск,815.88
502052,2023-01-21,C100221,Рюкзак спортивный,Спорт,1,3854.74,Казань,3854.74
501140,2023-01-24,C100514,Смартфон-чехол,Электроника,1,912.94,Санкт-Петербург,912.94
500506,2023-07-02,C100647,Кроссовки,Одежда,1,4963.59,Москва,4963.59
501561,2023-01-09,C100412,Футболка,Одежда,1,840.23,Москва,840.23
501395,2023-06-14,C100452,Кроссовки,Одежда,1,5047.39,Москва,5047.39
502701,2023-07-21,C100751,Куртка,Одежда,1,7185.13,Москва,7185.13
502334,2023-04-14,C100563,Рюкзак спортивный,Спорт,1,3490.3,Екатеринбург,3490.3
503176,2023-09-05,C100493,Смартфон-чехол,Электроника,1,801.26,Санкт-Петербург,801.26
502162,2023-11-27,C100846,Настольная лампа,Дом и сад,1,1466.64,Москва,1466.64
502067,2023-05-20,C100782,Кроссовки,Одежда,2,4960.31,Казань,9920.62
501121,2023-11-11,C100220,Массажер,Красота,1,4190.9,Казань,4190.9
503148,2023-05-28,C100184,Набор кастрюль,Дом и сад,1,3946.74,Москва,3946.74
500587,2023-07-21,C100151,Powerbank,Электроника,1,1948.21,Москва,1948.21
503402,2023-12-01,C100375,Кроссовки,Одежда,1,5818.56,Санкт-Петербург,5818.56
500612,2023-03-18,C100449,Бутылка для воды,Спорт,2,591.47,Санкт-Петербург,1182.94
501139,2023-12-07,C100829,Коврик для йоги,Спорт,1,1388.41,Москва,1388.41
500426,2023-10-07,C100836,Смартфон-чехол,Электроника,2,844.62,Новосибирск,1689.24
500649,2023-12-12,C100845,Крем для лица,Красота,2,1139.49,Москва,2278.98
501894,2023-12-05,C100218,Набор косметики,Красота,1,2690.97,Москва,2690.97
501090,2023-11-25,C100693,Настольная лампа,Дом и сад,1,1594.36,Новосибирск,1594.36
502840,2023-04-23,C100103,Парфюм,Красота,2,4327.06,Санкт-Петербург,8654.12
501536,2023-02-05,C100044,Набор косметики,Красота,2,2649.47,Санкт-Петербург,5298.94
501804,2023-07-10,C100023,Умные часы,Электроника,1,6019.15,Москва,6019.15
501409,2023-10-09,C100330,Футболка,Одежда,2,1019.92,Москва,2039.84
500566,2023-01-20,C100615,Гантели,Спорт,1,2284.71,Санкт-Петербург,2284.71
500349,2023-12-10,C100065,Куртка,Одежда,1,6435.39,Казань,6435.39
500886,2023-07-25,C100599,Шапка,Одежда,1,693.01,Москва,693.01
503364,2023-11-06,C100226,Наушники,Электроника,1,2619.5,Екатеринбург,2619.5
502849,2023-11-25,C100244,Гантели,Спорт,1,2064.44,Новосибирск,2064.44
500783,2023-12-01,C100120,Крем для лица,Красота,1,1343.22,Казань,1343.22
502994,2023-06-18,C100546,Плед,Дом и сад,1,1553.3,Екатеринбург,1553.3
502634,2023-02-12,C100320,Смартфон-чехол,Электроника,1,727.16,Москва,727.16
500630,2023-02-20,C100561,Гантели,Спорт,1,2223.6,Новосибирск,2223.6
500409,2023-06-11,C100266,Футболка,Одежда,1,877.57,Екатеринбург,877.57
500165,2023-01-02,C100430,Настольная лампа,Дом и сад,1,1712.36,Санкт-Петербург,1712.36
502737,2023-06-21,C100757,Куртка,Одежда,1,7529.66,Казань,7529.66
501970,2023-04-02,C100100,Массажер,Красота,1,4164.49,Санкт-Петербург,4164.49
501650,2023-12-17,C100032,Настольная лампа,Дом и сад,1,1415.04,Москва,1415.04
502213,2023-12-12,C100766,Powerbank,Электроника,1,1825.96,Москва,1825.96
501088,2023-07-18,C100367,Смартфон-чехол,Электроника,1,916.95,Казань,916.95
503295,2023-11-07,C100599,Кроссовки,Одежда,1,5010.79,Казань,5010.79
502425,2023-07-04,C100244,Набор кастрюль,Дом и сад,1,4467.19,Санкт-Петербург,4467.19
502216,2023-05-19,C100062,Постельное белье,Дом и сад,1,1971.28,Казань,1971.28
502291,2023-04-22,C100295,Набор косметики,Красота,1,2674.05,Екатеринбург,2674.05
501755,2023-04-24,C100425,Бутылка для воды,Спорт,1,609.47,Москва,609.47
500295,2023-09-30,C100086,Гантели,Спорт,1,2464.95,Казань,2464.95
500966,2023-07-09,C100751,Органайзер,Дом и сад,1,912.67,Санкт-Петербург,912.67
501823,2023-10-19,C100195,Бутылка для воды,Спорт,1,685.83,Москва,685.83
502983,2023-12-02,C100591,Гантели,Спорт,1,2005.85,Новосибирск,2005.85
500529,2023-03-18,C100647,Наушники,Электроника,1,2828.99,Москва,2828.99
501969,2023-05-08,C100457,Кроссовки,Одежда,2,5157.25,Санкт-Петербург,10314.5
500028,2023-02-17,C100425,Смартфон-чехол,Электроника,2,897.33,Екатеринбург,1794.66
502830,2023-03-14,C100592,Умные часы,Электроника,1,6981.88,Новосибирск,6981.88
501674,2023-10-15,C100221,Рюкзак спортивный,Спорт,1,3719.14,Екатеринбург,3719.14
500275,2023-08-29,C100604,Bluetooth-колонка,Электроника,1,3286.68,Москва,3286.68
501073,2023-07-17,C100609,Органайзер,Дом и сад,1,885.95,Екатеринбург,885.95
501075,2023-02-16,C100250,Крем для лица,Красота,1,1163.0,Москва,1163.0
503270,2023-11-27,C100426,Шампунь,Красота,1,605.49,Москва,605.49
503241,2023-12-01,C100476,Массажер,Красота,1,4140.19,Санкт-Петербург,4140.19
500586,2023-10-28,C100347,Наушники,Электроника,1,2676.14,Москва,2676.14
500838,2023-07-22,C100129,Настольная лампа,Дом и сад,2,1474.67,Екатеринбург,2949.34
500711,2023-06-23,C100108,Bluetooth-колонка,Электроника,1,3576.87,Казань,3576.87
502720,2023-12-13,C100395,Футболка,Одежда,1,819.1,Санкт-Петербург,819.1
501251,2023-06-08,C100330,Парфюм,Красота,3,4299.09,Москва,12897.27
501438,2023-12-13,C100235,Джинсы,Одежда,1,3168.78,Екатеринбург,3168.78
501554,2023-04-08,C100212,Парфюм,Красота,1,3704.53,Санкт-Петербург,3704.53
500817,2023-06-10,C100136,Гантели,Спорт,2,2189.54,Казань,4379.08
503410,2023-11-02,C100590,Крем для лица,Красота,1,1121.0,Москва,1121.0
502738,2023-05-15,C100547,Массажер,Красота,1,3875.51,Москва,3875.51
500958,2023-04-14,C100471,Набор кастрюль,Дом и сад,2,4708.19,Москва,9416.38
500303,2023-03-04,C100412,Смартфон-чехол,Электроника,1,734.37,Казань,734.37
503034,2023-08-05,C100433,Bluetooth-колонка,Электроника,2,3478.94,Казань,6957.88
503357,2023-12-05,C100046,Куртка,Одежда,3,6644.47,Новосибирск,19933.41
501064,2023-04-15,C100159,Коврик для йоги,Спорт,1,1401.69,Санкт-Петербург,1401.69
500873,2023-11-06,C100557,Настольная лампа,Дом и сад,1,1410.87,Казань,1410.87
503017,2023-06-09,C100757,Футболка,Одежда,2,823.46,Москва,1646.92
502897,2023-01-10,C100417,Кроссовки,Одежда,1,4864.97,Екатеринбург,4864.97
502718,2023-02-04,C100516,Велоперчатки,Спорт,1,924.15,Санкт-Петербург,924.15
500924,2023-11-09,C100704,Коврик для йоги,Спорт,1,1325.95,Екатеринбург,1325.95
500060,2023-06-25,C100757,Бутылка для воды,Спорт,1,564.27,Москва,564.27
502786,2023-10-02,C100694,Настольная лампа,Дом и сад,1,1686.09,Новосибирск,1686.09
503154,2023-08-28,C100412,Гантели,Спорт,1,2223.0,Санкт-Петербург,2223.0
501976,2023-12-29,C100406,Коврик для йоги,Спорт,1,1454.09,Новосибирск,1454.09
500024,2023-05-18,C100566,Powerbank,Электроника,2,1965.45,Москва,3930.9
502295,2023-10-05,C100018,Наушники,Электроника,2,2744.61,Казань,5489.22
500684,2023-07-10,C100448,Гантели,Спорт,1,2511.56,Екатеринбург,2511.56
502594,2023-06-02,C100599,Рюкзак спортивный,Спорт,2,3326.0,Москва,6652.0
502057,2023-01-09,C100264,Шапка,Одежда,1,769.64,Санкт-Петербург,769.64
500229,2023-12-07,C100148,Рюкзак спортивный,Спорт,1,3650.35,Санкт-Петербург,3650.35
500490,2023-04-09,C100244,Powerbank,Электроника,1,1795.35,Казань,1795.35
502953,2023-11-21,C100449,Парфюм,Красота,1,3486.32,Москва,3486.32
500830,2023-06-14,C100001,Смартфон-чехол,Электроника,1,881.7,Санкт-Петербург,881.7
503327,2023-12-21,C100793,Массажер,Красота,2,3981.83,Санкт-Петербург,7963.66
500386,2023-05-26,C100012,Рюкзак спортивный,Спорт,1,3738.31,Москва,3738.31
500016,2023-08-08,C100563,Коврик для йоги,Спорт,1,1346.58,Казань,1346.58
502226,2023-04-05,C100375,Кроссовки,Одежда,1,5483.29,Москва,5483.29
503265,2023-12-12,C100006,Смартфон-чехол,Электроника,1,885.31,Москва,885.31
501389,2023-07-31,C100624,Шапка,Одежда,1,728.18,Санкт-Петербург,728.18
502810,2023-11-11,C100693,Умные часы,Электроника,1,7234.19,Москва,7234.19
501589,2023-07-10,C100076,Постельное белье,Дом и сад,1,2396.98,Москва,2396.98
503178,2023-02-02,C100045,Набор кастрюль,Дом и сад,1,4412.88,Новосибирск,4412.88
501752,2023-06-14,C100054,Кроссовки,Одежда,3,4760.28,Екатеринбург,14280.84
501151,2023-10-18,C100151,Постельное белье,Дом и сад,1,1962.22,Казань,1962.22
501305,2023-10-02,C100410,Powerbank,Электроника,2,2040.03,Казань,4080.06
501232,2023-06-23,C100001,Бутылка для воды,Спорт,1,616.3,Новосибирск,616.3
501793,2023-09-26,C100216,Настольная лампа,Дом и сад,1,1552.47,Екатеринбург,1552.47
501270,2023-03-20,C100561,Массажер,Красота,1,4083.79,Екатеринбург,4083.79
502780,2023-02-03,C100759,Смартфон-чехол,Электроника,1,793.83,Новосибирск,793.83
500498,2023-10-31,C100423,Набор косметики,Красота,1,2443.19,Москва,2443.19
500353,2023-11-30,C100747,Крем для лица,Красота,1,1131.56,Санкт-Петербург,1131.56
501839,2023-06-15,C100757,Умные часы,Электроника,1,6915.04,Санкт-Петербург,6915.04
500002,2023-09-20,C100101,Бутылка для воды,Спорт,1,615.77,Санкт-Петербург,615.77
500286,2023-09-05,C100603,Футболка,Одежда,2,842.25,Санкт-Петербург,1684.5
501647,2023-05-03,C100473,Крем для лица,Красота,3,1248.39,Новосибирск,3745.17
500784,2023-10-22,C100293,Постельное белье,Дом и сад,1,1961.74,Москва,1961.74
502284,2023-07-10,C100757,Гантели,Спорт,2,2485.47,Санкт-Петербург,4970.94
503064,2023-04-01,C100270,Наушники,Электроника,1,2795.95,Москва,2795.95
500069,2023-03-27,C100518,Футболка,Одежда,1,935.7,Санкт-Петербург,935.7
500404,2023-04-28,C100844,Парфюм,Красота,2,3918.68,Москва,7837.36
500798,2023-05-26,C100609,Умные часы,Электроника,1,6215.57,Москва,6215.57
503438,2023-12-08,C100296,Джинсы,Одежда,2,2904.74,Екатеринбург,5809.48
502793,2023-08-07,C100779,Футболка,Одежда,1,969.49,Санкт-Петербург,969.49
502024,2023-05-01,C100665,Набор косметики,Красота,2,2756.19,Санкт-Петербург,5512.38
500178,2023-02-18,C100512,Умные часы,Электроника,1,6366.85,Новосибирск,6366.85
500954,2023-10-18,C100602,Плед,Дом и сад,1,1771.84,Екатеринбург,1771.84
502140,2023-03-06,C100726,Шампунь,Красота,1,631.46,Санкт-Петербург,631.46
501201,2023-07-13,C100394,Смартфон-чехол,Электроника,1,766.35,Москва,766.35
502591,2023-09-28,C100612,Куртка,Одежда,2,6789.13,Москва,13578.26
501757,2023-01-07,C100324,Парфюм,Красота,1,3467.98,Санкт-Петербург,3467.98
501578,2023-10-13,C100177,Рюкзак спортивный,Спорт,1,3759.8,Новосибирск,3759.8
502643,2023-03-07,C100272,Набор кастрюль,Дом и сад,2,4074.83,Москва,8149.66
501508,2023-03-10,C100044,Джинсы,Одежда,1,3460.09,Москва,3460.09
501498,2023-10-23,C100134,Смартфон-чехол,Электроника,1,811.93,Казань,811.93
500539,2023-11-27,C100632,Набор косметики,Красота,1,2816.77,Москва,2816.77
501331,2023-03-17,C100533,Bluetooth-колонка,Электроника,1,3646.78,Москва,3646.78
503191,2023-04-18,C100802,Умные часы,Электроника,2,6008.66,Санкт-Петербург,12017.32
501489,2023-05-13,C100367,Коврик для йоги,Спорт,1,1269.27,Москва,1269.27
502019,2023-09-05,C100323,Шампунь,Красота,1,521.88,Казань,521.88
501745,2023-05-16,C100158,Органайзер,Дом и сад,1,947.43,Москва,947.43
502704,2023-04-03,C100101,Велоперчатки,Спорт,2,856.91,Новосибирск,1713.82
502235,2023-09-02,C100641,Смартфон-чехол,Электроника,1,878.92,Москва,878.92
502785,2023-09-15,C100507,Наушники,Электроника,1,2422.71,Новосибирск,2422.71
502868,2023-06-07,C100722,Постельное белье,Дом и сад,2,2378.13,Новосибирск,4756.26
503318,2023-12-17,C100559,Футболка,Одежда,1,836.31,Санкт-Петербург,836.31
500949,2023-02-16,C100609,Шапка,Одежда,1,641.95,Москва,641.95
500511,2023-01-01,C100294,Органайзер,Дом и сад,1,947.07,Новосибирск,947.07
501394,2023-05-29,C100604,Футболка,Одежда,2,936.69,Москва,1873.38
501509,2023-03-05,C100675,Плед,Дом и сад,1,1573.85,Москва,1573.85
502225,2023-02-15,C100698,Кроссовки,Одежда,1,5287.09,Санкт-Петербург,5287.09
502961,2023-10-08,C100338,Крем для лица,Красота,2,1266.42,Санкт-Петербург,2532.84
501332,2023-06-13,C100374,Органайзер,Дом и сад,1,831.07,Новосибирск,831.07
501310,2023-02-23,C100775,Бутылка для воды,Спорт,3,585.49,Санкт-Петербург,1756.47
503284,2023-11-28,C100576,Умные часы,Электроника,1,7154.71,Екатеринбург,7154.71
502223,2023-06-24,C100667,Парфюм,Красота,-1,4337.55,Новосибирск,4337.55
502246,2023-04-15,C100091,Наушники,Электроника,1,2794.1,Санкт-Петербург,2794.1
502360,2023-11-04,C100756,Настольная лампа,Дом и сад,2,1692.75,Казань,3385.5
503023,2023-04-18,C100064,Футболка,Одежда,2,1034.5,Новосибирск,2069.0
502418,2023-09-06,C100848,Шампунь,Красота,2,566.06,Екатеринбург,1132.12
500664,2023-01-19,C100126,Велоперчатки,Спорт,1,994.5,Москва,994.5
500574,2023-01-13,C100749,Постельное белье,Дом и сад,1,2068.33,Новосибирск,2068.33
502745,2023-09-12,C100230,Куртка,Одежда,1,7098.46,Москва,7098.46
502201,2023-12-21,C100564,Настольная лампа,Дом и сад,1,1572.3,Екатеринбург,1572.3
503012,2023-09-11,C100171,Постельное белье,Дом и сад,1,2245.23,Москва,2245.23
502909,2023-02-18,C100422,Bluetooth-колонка,Электроника,1,2897.22,Новосибирск,2897.22
502305,2023-10-07,C100395,Коврик для йоги,Спорт,1,1249.47,Москва,1249.47
502332,2023-10-06,C100725,Джинсы,Одежда,2,3572.04,Новосибирск,7144.08
502046,2023-08-28,C100599,Велоперчатки,Спорт,1,930.61,Новосибирск,930.61
500283,2023-07-22,C100726,Плед,Дом и сад,3,1546.71,Казань,4640.13
500259,2023-06-08,C100311,Гантели,Спорт,1,2414.52,Новосибирск,2414.52
501812,2023-06-20,C100061,Кроссовки,Одежда,1,5430.97,Екатеринбург,5430.97
501798,2023-08-19,C100566,Крем для лица,Красота,1,1227.82,Москва,1227.82
502617,2023-07-31,C100225,Рюкзак спортивный,Спорт,2,3548.97,Москва,7097.94
500726,2023-03-17,C100720,Набор кастрюль,Дом и сад,1,4360.51,,4360.51
501637,2023-10-19,C100641,Шампунь,Красота,1,531.86,Санкт-Петербург,531.86
500678,2023-07-24,C100563,Коврик для йоги,Спорт,1,1365.53,Екатеринбург,1365.53
503371,2023-12-17,C100120,Футболка,Одежда,1,987.67,Москва,987.67
501153,2023-07-05,C100450,Бутылка для воды,Спорт,2,556.53,Новосибирск,1113.06
501347,2023-11-29,C100373,Наушники,Электроника,1,2777.03,Москва,2777.03
500056,2023-04-05,C100704,Гантели,Спорт,1,2103.91,Москва,2103.91
502567,2023-10-02,C100702,Постельное белье,Дом и сад,1,2242.96,Новосибирск,2242.96
501412,2023-11-15,C100821,Смартфон-чехол,Электроника,1,828.3,Санкт-Петербург,828.3
502552,2023-02-04,C100234,Органайзер,Дом и сад,2,957.38,Санкт-Петербург,1914.76
503306,2023-12-31,C100817,Джинсы,Одежда,1,3387.49,Москва,3387.49
501362,2023-03-28,C100418,Бутылка для воды,Спорт,3,682.46,Москва,2047.38
500889,2023-05-03,C100566,Умные часы,Электроника,1,7289.34,Москва,7289.34
502775,2023-07-16,C100699,Органайзер,Дом и сад,1,819.02,Казань,819.02
501820,2023-02-26,C100294,Парфюм,Красота,3,4210.89,Казань,12632.67
501973,2023-08-22,C100444,Наушники,Электроника,1,2555.91,Екатеринбург,2555.91
500715,2023-06-23,C100091,Парфюм,Красота,1,3788.85,Москва,3788.85
503139,2023-09-10,C100609,Постельное белье,Дом и сад,2,1898.02,Екатеринбург,3796.04
501057,2023-03-04,C100022,Велоперчатки,Спорт,1,1014.53,Санкт-Петербург,1014.53
503461,2023-11-28,C100599,Умные часы,Электроника,1,7293.82,Казань,7293.82
502208,2023-12-11,C100635,Плед,Дом и сад,1,1686.61,Санкт-Петербург,1686.61
500618,2023-02-01,C100099,Набор кастрюль,Дом и сад,1,4755.91,Москва,4755.91
500124,2023-03-17,C100726,Массажер,Красота,2,4586.69,Казань,9173.38
502861,2023-11-15,C100382,Настольная лампа,Дом и сад,1,1685.92,Санкт-Петербург,1685.92
500335,2023-04-29,C100594,Куртка,Одежда,1,6553.86,Санкт-Петербург,6553.86
502609,2023-12-19,C100493,Крем для лица,Красота,1,1160.59,Москва,1160.59
500305,2023-05-12,C100395,Смартфон-чехол,Электроника,1,722.83,Санкт-Петербург,722.83
500981,2023-08-01,C100817,Настольная лампа,Дом и сад,1,1404.71,Санкт-Петербург,1404.71
503071,2023-07-14,C100387,Powerbank,Электроника,1,2023.22,Санкт-Петербург,2023.22
502783,2023-01-12,C100338,Powerbank,Электроника,1,1778.16,,1778.16
500582,2023-02-23,C100666,Шапка,Одежда,1,668.35,Москва,668.35
501617,2023-02-28,C100066,Умные часы,Электроника,1,7344.46,Екатеринбург,7344.46
501195,2023-10-06,C100589,Бутылка для воды,Спорт,1,543.31,Москва,543.31
501825,2023-09-09,C100418,Парфюм,Красота,1,3680.12,Екатеринбург,3680.12
501880,2023-03-28,C100592,Коврик для йоги,Спорт,1,1182.58,Москва,1182.58
501982,2023-08-22,C100655,Джинсы,Одежда,1,3506.61,Санкт-Петербург,3506.61
501862,2023-09-04,C100500,Bluetooth-колонка,Электроника,1,2915.82,Новосибирск,2915.82
501351,2023-03-08,C100655,Набор кастрюль,Дом и сад,3,4647.06,Екатеринбург,13941.18
500410,2023-08-19,C100655,Коврик для йоги,Спорт,1,1197.55,Казань,1197.55
500676,2023-10-29,C100018,Рюкзак спортивный,Спорт,2,3905.63,Москва,7811.26
500298,2023-12-29,C100597,Смартфон-чехол,Электроника,1,783.11,Москва,783.11
500926,2023-03-10,C100498,Крем для лица,Красота,1,1181.84,Москва,1181.84
500023,2023-05-04,C100153,Набор кастрюль,Дом и сад,1,4247.52,Санкт-Петербург,4247.52
502367,2023-04-17,C100836,Плед,Дом и сад,1,1730.4,Санкт-Петербург,1730.4
502766,2023-11-29,C100383,Велоперчатки,Спорт,1,852.8,Санкт-Петербург,852.8
500729,2023-07-10,C100125,Куртка,Одежда,1,7416.54,Казань,7416.54
501308,2023-06-24,C100758,Крем для лица,Красота,1,1214.62,Москва,1214.62
500672,2023-06-02,C100302,Кроссовки,Одежда,1,5552.22,Новосибирск,5552.22
501673,2023-07-08,C100608,Шампунь,Красота,1,505.8,Москва,505.8
501200,2023-07-01,C100373,Шампунь,Красота,2,556.62,Москва,1113.24
503179,2023-05-26,C100451,Футболка,Одежда,3,894.88,Москва,2684.64
503370,2023-11-16,C100641,Смартфон-чехол,Электроника,2,774.85,Новосибирск,1549.7
500294,2023-11-22,C100175,Крем для лица,Красота,1,1101.91,Новосибирск,1101.91
500127,2023-05-30,C100564,Органайзер,Дом и сад,1,962.1,Москва,962.1
502392,2023-07-04,C100690,Органайзер,Дом и сад,1,886.25,Казань,886.25
502289,2023-09-08,C100489,Бутылка для воды,Спорт,1,634.21,Санкт-Петербург,634.21
500693,2023-05-13,C100353,Смартфон-чехол,Электроника,1,830.53,,830.53
500687,2023-06-14,C100547,Велоперчатки,Спорт,1,1008.31,Москва,1008.31
500818,2023-06-07,C100109,Шампунь,Красота,1,557.22,Казань,557.22
500217,2023-10-26,C100789,Постельное белье,Дом и сад,1,2309.53,Новосибирск,2309.53
500153,2023-07-15,C100250,Футболка,Одежда,2,839.82,Санкт-Петербург,1679.64
502773,2023-12-28,C100759,Рюкзак спортивный,Спорт,1,3340.7,Санкт-Петербург,3340.7
501993,2023-03-24,C100012,Рюкзак спортивный,Спорт,1,3488.34,Новосибирск,3488.34
502468,2023-12-29,C100750,Набор кастрюль,Дом и сад,1,4752.73,Москва,4752.73
502009,2023-08-21,C100296,Куртка,Одежда,1,7390.66,Москва,7390.66
500479,2023-11-17,C100214,Рюкзак спортивный,Спорт,1,3157.98,Санкт-Петербург,3157.98
501283,2023-09-25,C100519,Powerbank,Электроника,1,1688.83,Екатеринбург,1688.83
501605,2023-02-08,C100599,Бутылка для воды,Спорт,1,670.32,Новосибирск,670.32
502336,2023-10-15,C100776,Bluetooth-колонка,Электроника,1,3098.39,Москва,3098.39
501667,2023-08-07,C100262,Куртка,Одежда,1,7113.64,Москва,7113.64
500813,2023-07-30,C100512,Куртка,Одежда,1,6411.78,Санкт-Петербург,6411.78
500251,2023-04-13,C100225,Массажер,Красота,2,4509.34,,9018.68
500844,2023-05-19,C100760,Куртка,Одежда,1,6886.81,Екатеринбург,6886.81
502126,2023-06-23,C100367,Постельное белье,Дом и сад,1,1908.43,Екатеринбург,1908.43
503216,2023-11-11,C100726,Футболка,Одежда,1,993.18,Москва,993.18
500968,2023-06-19,C100359,Смартфон-чехол,Электроника,1,797.36,Новосибирск,797.36
502672,2023-02-08,C100799,Гантели,Спорт,1,2419.78,Новосибирск,2419.78
500973,2023-08-17,C100424,Джинсы,Одежда,1,3601.39,Москва,3601.39
501897,2023-12-17,C100119,Плед,Дом и сад,1,1810.52,Екатеринбург,1810.52
502236,2023-09-04,C100153,Велоперчатки,Спорт,1,989.35,Санкт-Петербург,989.35
500247,2023-10-03,C100582,Футболка,Одежда,1,844.45,Санкт-Петербург,844.45
502204,2023-03-22,C100698,Bluetooth-колонка,Электроника,1,3030.54,Санкт-Петербург,3030.54
503361,2023-11-05,C100694,Настольная лампа,Дом и сад,2,1413.49,Казань,2826.98
502398,2023-04-13,C100570,Постельное белье,Дом и сад,1,2239.7,Москва,2239.7
502355,2023-03-11,C100366,Шампунь,Красота,1,578.87,Москва,578.87
502659,2023-04-05,C100731,Джинсы,Одежда,1,3112.15,Санкт-Петербург,3112.15
502397,2023-02-17,C100238,Кроссовки,Одежда,1,4962.02,Новосибирск,4962.02
502645,2023-01-05,C100010,Массажер,Красота,3,4464.53,Новосибирск,13393.59
501506,2023-05-16,C100183,Настольная лампа,Дом и сад,1,1620.27,Москва,1620.27
501346,2023-03-29,C100392,Парфюм,Красота,2,3574.4,Санкт-Петербург,7148.8
502758,2023-05-19,C100819,Плед,Дом и сад,2,1564.03,Москва,3128.06
500976,2023-05-18,C100814,Набор кастрюль,Дом и сад,1,3818.7,Новосибирск,3818.7
503233,2023-11-16,C100751,Постельное белье,Дом и сад,1,1911.46,Казань,1911.46
501646,2023-03-10,C100134,Bluetooth-колонка,Электроника,1,3491.42,Новосибирск,3491.42
501680,2023-11-19,C100695,Массажер,Красота,1,4156.06,Москва,4156.06
502498,2023-04-12,C100055,Шампунь,Красота,1,527.31,Казань,527.31
500123,2023-01-16,C100395,Рюкзак спортивный,Спорт,1,3328.83,Новосибирск,3328.83
501535,2023-12-20,C100057,Парфюм,Красота,1,4294.79,Санкт-Петербург,4294.79
502813,2023-06-28,C100756,Смартфон-чехол,Электроника,1,752.89,Санкт-Петербург,752.89
502924,2023-09-09,C100609,Кроссовки,Одежда,2,4800.47,Москва,9600.94
502101,2023-09-28,C100432,Гантели,Спорт,1,2018.24,Москва,2018.24
500870,2023-01-20,C100424,Bluetooth-колонка,Электроника,2,3406.59,Москва,6813.18
502822,2023-03-16,C100007,Набор кастрюль,Дом и сад,2,4598.53,Екатеринбург,9197.06
501031,2023-05-22,C100766,Велоперчатки,Спорт,2,822.43,Москва,1644.86
500757,2023-01-19,C100102,Плед,Дом и сад,1,1920.91,Санкт-Петербург,1920.91
501999,2023-06-13,C100107,Массажер,Красота,1,4488.08,Москва,4488.08
501157,2023-08-26,C100226,Умные часы,Электроника,1,6175.8,Екатеринбург,6175.8
502116,2023-08-11,C100136,Набор кастрюль,Дом и сад,2,3937.03,Санкт-Петербург,7874.06
502610,2023-04-04,C100378,Кроссовки,Одежда,1,4794.42,Москва,4794.42
500333,2023-10-29,C100732,Powerbank,Электроника,1,1629.17,Екатеринбург,1629.17
501593,2023-07-17,C100777,Шампунь,Красота,1,631.99,Казань,631.99
501576,2023-08-22,C100487,Плед,Дом и сад,1,1642.21,Екатеринбург,1642.21
502486,2023-04-07,C100083,Органайзер,Дом и сад,1,997.17,Санкт-Петербург,997.17
500473,2023-12-12,C100006,Смартфон-чехол,Электроника,1,885.31,Москва,885.31
500902,2023-05-01,C100243,Умные часы,Электроника,2,7424.32,Екатеринбург,14848.64
500866,2023-08-07,C100426,Гантели,Спорт,1,2203.99,Санкт-Петербург,2203.99
501330,2023-10-25,C100750,Бутылка для воды,Спорт,2,631.38,Санкт-Петербург,1262.76
501343,2023-05-06,C100528,Органайзер,Дом и сад,1,1031.64,Екатеринбург,1031.64
500742,2023-05-11,C100692,Велоперчатки,Спорт,1,818.26,Новосибирск,818.26
503209,2023-11-22,C100175,Крем для лица,Красота,1,1101.91,Новосибирск,1101.91
503096,2023-03-14,C100080,Массажер,Красота,1,4679.34,Санкт-Петербург,4679.34
502181,2023-08-30,C100626,Плед,Дом и сад,1,1915.68,Екатеринбург,1915.68
503215,2023-11-15,C100364,Плед,Дом и сад,2,1688.65,Казань,3377.3
502602,2023-05-09,C100512,Шампунь,Красота,1,508.33,Москва,508.33
501629,2023-07-04,C100588,Куртка,Одежда,1,6763.03,Казань,6763.03
503441,2023-11-05,C100136,Массажер,Красота,1,3847.42,Казань,3847.42
501150,2023-08-17,C100297,Массажер,Красота,1,4008.34,Казань,4008.34
502814,2023-06-03,C100316,Набор кастрюль,Дом и сад,1,4813.9,Казань,4813.9
502921,2023-09-26,C100672,Куртка,Одежда,1,7051.24,Екатеринбург,7051.24
500257,2023-10-19,C100245,Парфюм,Красота,1,3746.63,Казань,3746.63
500634,2023-06-13,C100668,Powerbank,Электроника,1,1796.15,Санкт-Петербург,1796.15
502781,2023-06-11,C100271,Кроссовки,Одежда,1,5741.94,Москва,5741.94
500778,2023-04-29,C100450,Велоперчатки,Спорт,1,888.34,Москва,888.34
502733,2023-06-20,C100195,Парфюм,Красота,2,4095.04,Москва,8190.08
502102,2023-03-23,C100635,Bluetooth-колонка,Электроника,1,3053.2,Новосибирск,3053.2
500558,2023-02-05,C100142,Футболка,Одежда,1,956.43,Казань,956.43
503212,2023-12-24,C100227,Органайзер,Дом и сад,1,991.06,Новосибирск,991.06
501986,2023-12-07,C100565,Парфюм,Красота,1,4058.15,Санкт-Петербург,4058.15
502089,2023-03-13,C100707,Крем для лица,Красота,1,1360.27,Москва,1360.27
500262,2023-08-19,C100794,Bluetooth-колонка,Электроника,2,2947.98,Москва,5895.96
502132,2023-01-16,C100320,Крем для лица,Красота,1,1276.2,Санкт-Петербург,1276.2
502783,2023-01-12,C100338,Powerbank,Электроника,1,1778.16,Новосибирск,1778.16
502809,2023-02-26,C100460,Футболка,Одежда,1,947.67,Санкт-Петербург,947.67
501890,2023-07-02,C100617,Куртка,Одежда,1,7380.62,Екатеринбург,7380.62
502762,2023-12-19,C100282,Наушники,Электроника,2,2865.14,Санкт-Петербург,5730.28
502079,2023-05-04,C100590,Умные часы,Электроника,1,7283.94,Москва,7283.94
502804,2023-01-14,C100472,Джинсы,Одежда,1,3248.4,Новосибирск,3248.4
503169,2023-02-08,C100828,Крем для лица,Красота,1,1287.74,Санкт-Петербург,1287.74
500209,2023-07-12,C100155,Шапка,Одежда,1,762.19,Новосибирск,762.19
503087,2023-12-23,C100566,Набор косметики,Красота,1,2343.69,Екатеринбург,2343.69
501914,2023-06-20,C100786,Велоперчатки,Спорт,2,825.66,Москва,1651.32
501607,2023-12-22,C100077,Рюкзак спортивный,Спорт,1,3702.64,Москва,3702.64
501021,2023-06-24,C100023,Наушники,Электроника,2,2863.24,Москва,5726.48
503086,2023-03-28,C100828,Powerbank,Электроника,1,1841.5,Москва,1841.5
501404,2023-03-24,C100756,Массажер,Красота,2,4096.59,Новосибирск,8193.18
502371,2023-03-17,C100162,Велоперчатки,Спорт,1,953.08,Казань,953.08
502097,2023-12-03,C100363,Плед,Дом и сад,1,1657.74,Казань,1657.74
500210,2023-07-14,C100102,Рюкзак спортивный,Спорт,2,3502.73,Санкт-Петербург,7005.46
500154,2023-07-13,C100780,Шампунь,Красота,1,618.51,Москва,618.51
502668,2023-06-11,C100295,Набор кастрюль,Дом и сад,1,4467.98,Казань,4467.98
501591,2023-11-10,C100668,Рюкзак спортивный,Спорт,1,3472.84,Санкт-Петербург,3472.84
501148,2023-07-16,C100579,Плед,Дом и сад,3,1712.17,Новосибирск,5136.51
501968,2023-04-15,C100172,Шампунь,Красота,1,620.7,Санкт-Петербург,620.7
502317,2023-10-04,C100342,Смартфон-чехол,Электроника,1,731.31,Москва,731.31
501634,2023-10-15,C100669,Коврик для йоги,Спорт,2,1396.87,Казань,2793.74
502090,2023-08-07,C100162,Кроссовки,Одежда,2,5403.56,Москва,10807.12
500598,2023-04-04,C100101,Наушники,Электроника,1,2678.32,Екатеринбург,2678.32
501932,2023-09-25,C100296,Массажер,Красота,1,4218.89,Екатеринбург,4218.89
501657,2023-05-24,C100422,Рюкзак спортивный,Спорт,2,3456.07,Казань,6912.14
500681,2023-10-03,C100158,Наушники,Электроника,1,2548.62,Екатеринбург,2548.62
501566,2023-03-24,C100534,Бутылка для воды,Спорт,1,576.75,Новосибирск,576.75
502511,2023-08-09,C100412,Бутылка для воды,Спорт,1,646.13,Новосибирск,646.13
501329,2023-02-09,C100493,Powerbank,Электроника,1,2000.53,Новосибирск,2000.53
502088,2023-09-22,C100254,Футболка,Одежда,1,924.2,Казань,924.2
502550,2023-10-09,C100590,Парфюм,Красота,1,3595.12,Санкт-Петербург,3595.12
501519,2023-09-27,C100819,Настольная лампа,Дом и сад,1,1696.61,Москва,1696.61
502288,2023-01-12,C100751,Шампунь,Красота,1,587.76,Москва,587.76
502457,2023-04-19,C100757,Плед,Дом и сад,1,1870.99,Москва,1870.99
500222,2023-02-25,C100357,Наушники,Электроника,1,2728.59,Екатеринбург,2728.59
500226,2023-05-05,C100432,Настольная лампа,Дом и сад,1,1457.56,Москва,1457.56
503300,2023-12-22,C100077,Рюкзак спортивный,Спорт,1,3702.64,Москва,3702.64
502732,2023-07-16,C100311,Парфюм,Красота,2,3445.63,Москва,6891.26
502448,2023-06-30,C100779,Набор косметики,Красота,1,2456.57,Москва,2456.57
501761,2023-01-22,C100117,Набор кастрюль,Дом и сад,1,4150.67,Санкт-Петербург,4150.67
501361,2023-11-25,C100046,Набор косметики,Красота,2,2369.25,Москва,4738.5
502325,2023-11-01,C100235,Футболка,Одежда,1,895.66,Казань,895.66
503273,2023-12-26,C100617,Смартфон-чехол,Электроника,1,814.44,Казань,814.44
502595,2023-06-20,C100418,Шапка,Одежда,1,690.24,Казань,690.24
501493,2023-03-18,C100242,Плед,Дом и сад,1,1653.84,Екатеринбург,1653.84
502541,2023-10-06,C100042,Гантели,Спорт,1,2471.31,Новосибирск,2471.31
502556,2023-01-13,C100744,Крем для лица,Красота,1,1306.25,Москва,1306.25
502010,2023-07-19,C100806,Постельное белье,Дом и сад,1,2100.41,Москва,2100.41
500206,2023-06-19,C100000,Шапка,Одежда,1,702.45,Новосибирск,702.45
501028,2023-04-21,C100579,Массажер,Красота,1,4477.56,Санкт-Петербург,4477.56
503147,2023-06-25,C100780,Крем для лица,Красота,2,1186.59,,2373.18
502408,2023-03-10,C100563,Бутылка для воды,Спорт,2,683.42,Новосибирск,1366.84
501047,2023-01-26,C100409,Powerbank,Электроника,1,1849.26,Санкт-Петербург,1849.26
500694,2023-01-01,C100136,Бутылка для воды,Спорт,1,643.91,Екатеринбург,643.91
502736,2023-01-23,C100343,Крем для лица,Красота,1,1148.9,Санкт-Петербург,1148.9
502696,2023-06-15,C100493,Кроссовки,Одежда,1,5420.62,Москва,5420.62
501187,2023-10-22,C100608,Массажер,Красота,1,4535.94,Казань,4535.94
501370,2023-08-23,C100129,Наушники,Электроника,1,2712.73,Новосибирск,2712.73
501908,2023-06-25,C100760,Powerbank,Электроника,1,2049.94,Москва,2049.94
500017,2023-07-30,C100235,Постельное белье,Дом и сад,1,2253.71,Санкт-Петербург,2253.71
502206,2023-06-19,C100493,Рюкзак спортивный,Спорт,1,3764.81,Москва,3764.81
503442,2023-12-20,C100519,Набор косметики,Красота,1,2794.21,Новосибирск,2794.21
501677,2023-08-11,C100592,Шапка,Одежда,1,677.77,Новосибирск,677.77
501185,2023-03-01,C100639,Футболка,Одежда,1,931.52,Казань,931.52
502354,2023-12-27,C100697,Гантели,Спорт,1,2011.14,Москва,2011.14
500657,2023-05-21,C100426,Наушники,Электроника,1,2630.93,Москва,2630.93
501572,2023-01-13,C100483,Bluetooth-колонка,Электроника,2,3190.28,Москва,6380.56
501738,2023-01-10,C100226,Постельное белье,Дом и сад,1,1988.99,Казань,1988.99
501420,2023-04-08,C100373,Умные часы,Электроника,1,6045.67,Екатеринбург,6045.67
500400,2023-12-08,C100564,Коврик для йоги,Спорт,1,1464.33,Москва,1464.33
500619,2023-05-04,C100143,Бутылка для воды,Спорт,1,577.07,Москва,577.07
500509,2023-10-18,C100423,Крем для лица,Красота,1,1167.38,Новосибирск,1167.38
502867,2023-07-24,C100053,Гантели,Спорт,1,2479.79,Новосибирск,2479.79
503170,2023-04-10,C100694,Гантели,Спорт,1,2466.52,Санкт-Петербург,2466.52
500868,2023-09-02,C100311,Рюкзак спортивный,Спорт,1,3202.75,Москва,3202.75
500887,2023-01-31,C100692,Powerbank,Электроника,1,1987.7,Казань,1987.7
502111,2023-04-29,C100413,Футболка,Одежда,1,825.15,Москва,825.15
500600,2023-10-02,C100807,Крем для лица,Красота,1,1269.77,Москва,1269.77
502463,2023-02-25,C100757,Футболка,Одежда,2,903.5,Санкт-Петербург,1807.0
500458,2023-10-19,C100784,Бутылка для воды,Спорт,1,615.25,Санкт-Петербург,615.25
502427,2023-05-27,C100455,Бутылка для воды,Спорт,1,667.36,Екатеринбург,667.36
501118,2023-01-13,C100470,Шапка,Одежда,1,743.11,Екатеринбург,743.11
500871,2023-08-28,C100737,Парфюм,Красота,1,3950.41,Новосибирск,3950.41
500791,2023-07-13,C100353,Набор кастрюль,Дом и сад,1,3803.64,Санкт-Петербург,3803.64
502261,2023-03-11,C100714,Массажер,Красота,1,4068.34,Москва,4068.34
500955,2023-03-22,C100180,Powerbank,Электроника,2,2064.24,Екатеринбург,4128.48
500651,2023-04-02,C100294,Бутылка для воды,Спорт,1,672.23,Казань,672.23
500734,2023-11-11,C100091,Powerbank,Электроника,1,1705.19,Новосибирск,1705.19
500019,2023-07-04,C100095,Набор косметики,Красота,1,2597.44,Новосибирск,2597.44
500380,2023-08-17,C100444,Парфюм,Красота,1,3689.81,Москва,3689.81
502782,2023-07-25,C100734,Смартфон-чехол,Электроника,1,919.76,Москва,919.76
500957,2023-01-26,C100775,Парфюм,Красота,1,3466.42,Екатеринбург,3466.42
500172,2023-07-13,C100022,Джинсы,Одежда,1,3635.32,Москва,3635.32
501945,2023-03-13,C100232,Джинсы,Одежда,1,2996.69,Санкт-Петербург,2996.69
502280,2023-06-10,C100760,Бутылка для воды,Спорт,1,593.83,Казань,593.83
500660,2023-09-17,C100220,Рюкзак спортивный,Спорт,2,3741.12,Санкт-Петербург,7482.24
502431,2023-06-17,C100475,Бутылка для воды,Спорт,1,567.95,Екатеринбург,567.95
502121,2023-03-22,C100665,Набор кастрюль,Дом и сад,1,4690.26,Екатеринбург,4690.26
501095,2023-10-06,C100368,Куртка,Одежда,2,6546.54,Москва,13093.08
502833,2023-03-12,C100692,Велоперчатки,Спорт,3,900.06,Москва,2700.18
502220,2023-03-30,C100819,Бутылка для воды,Спорт,1,589.66,Новосибирск,589.66
500643,2023-06-15,C100179,Велоперчатки,Спорт,1,813.42,Екатеринбург,813.42
500169,2023-04-14,C100099,Джинсы,Одежда,1,2931.18,Москва,2931.18
501518,2023-08-23,C100692,Шапка,Одежда,1,784.64,Москва,784.64
501801,2023-04-23,C100734,Набор кастрюль,Дом и сад,1,3805.64,Екатеринбург,3805.64
503217,2023-12-01,C100155,Настольная лампа,Дом и сад,1,1685.42,Санкт-Петербург,1685.42
501918,2023-06-14,C100599,Куртка,Одежда,1,6318.05,Екатеринбург,6318.05
500273,2023-04-21,C100040,Постельное белье,Дом и сад,1,2120.92,Екатеринбург,2120.92
501216,2023-01-25,C100679,Набор косметики,Красота,1,2735.57,Екатеринбург,2735.57
501119,2023-04-26,C100367,Шапка,Одежда,1,657.4,Москва,657.4
502859,2023-03-29,C100591,Массажер,Красота,1,4706.81,Санкт-Петербург,4706.81
503088,2023-07-12,C100230,Шапка,Одежда,1,761.92,Казань,761.92
501067,2023-03-14,C100312,Смартфон-чехол,Электроника,1,857.22,Казань,857.22
502105,2023-02-08,C100327,Bluetooth-колонка,Электроника,2,3183.62,Екатеринбург,6367.24
502585,2023-11-11,C100236,Постельное белье,Дом и сад,2,2376.39,Казань,4752.78
502919,2023-04-23,C100295,Плед,Дом и сад,1,1654.28,Москва,1654.28
501913,2023-07-23,C100455,Постельное белье,Дом и сад,1,2345.6,Екатеринбург,2345.6
500039,2023-03-14,C100065,Powerbank,Электроника,2,1982.62,Новосибирск,3965.24
500307,2023-09-18,C100139,Настольная лампа,Дом и сад,1,1419.05,Москва,1419.05
500007,2023-08-17,C100802,Шампунь,Красота,2,502.33,Санкт-Петербург,1004.66
500782,2023-07-30,C100570,Велоперчатки,Спорт,2,968.79,Екатеринбург,1937.58
501191,2023-11-26,C100211,Смартфон-чехол,Электроника,1,830.29,Казань,830.29
500535,2023-04-29,C100420,Постельное белье,Дом и сад,2,2328.35,Казань,4656.7
500584,2023-11-11,C100831,Плед,Дом и сад,1,1768.8,Санкт-Петербург,1768.8
502756,2023-10-09,C100404,Bluetooth-колонка,Электроника,1,3018.55,Москва,3018.55
503389,2023-12-09,C100437,Набор косметики,Красота,1,2652.59,Казань,2652.59
502923,2023-02-04,C100250,Плед,Дом и сад,1,1689.42,Санкт-Петербург,1689.42
503173,2023-12-23,C100597,Джинсы,Одежда,1,3260.04,Екатеринбург,3260.04
502547,2023-12-05,C100734,Постельное белье,Дом и сад,1,2240.69,Москва,2240.69
500317,2023-08-04,C100814,Массажер,Красота,1,4560.9,Санкт-Петербург,4560.9
502198,2023-09-25,C100490,Powerbank,Электроника,1,1644.6,Москва,1644.6
502415,2023-07-25,C100038,Наушники,Электроника,1,2596.29,Москва,2596.29
501795,2023-02-01,C100232,Джинсы,Одежда,1,2900.52,Новосибирск,2900.52
502509,2023-04-30,C100741,Велоперчатки,Спорт,1,1011.07,Москва,1011.07
500272,2023-06-18,C100367,Набор косметики,Красота,1,2649.34,Санкт-Петербург,2649.34
500549,2023-03-03,C100038,Настольная лампа,Дом и сад,1,1518.27,Москва,1518.27
501693,2023-12-13,C100540,Коврик для йоги,Спорт,1,1210.23,Санкт-Петербург,1210.23
501720,2023-04-05,C100750,Шампунь,Красота,1,627.57,Санкт-Петербург,627.57
503184,2023-09-25,C100195,Шапка,Одежда,1,647.23,Казань,647.23
503404,2023-11-05,C100356,Крем для лица,Красота,2,1259.58,Новосибирск,2519.16
502391,2023-11-18,C100116,Коврик для йоги,Спорт,1,1313.74,Санкт-Петербург,1313.74
500599,2023-04-30,C100133,Набор кастрюль,Дом и сад,1,4630.26,Санкт-Петербург,4630.26
501690,2023-08-29,C100609,Наушники,Электроника,1,2579.38,Санкт-Петербург,2579.38
500895,2023-03-16,C100608,Коврик для йоги,Спорт,1,1421.52,Екатеринбург,1421.52
503256,2023-11-04,C100756,Настольная лампа,Дом и сад,2,1692.75,Казань,3385.5
501776,2023-03-03,C100041,Плед,Дом и сад,1,1552.79,Москва,1552.79
500571,2023-11-07,C100783,Набор кастрюль,Дом и сад,1,3933.71,Санкт-Петербург,3933.71
502000,2023-12-26,C100195,Шампунь,Красота,1,595.8,Москва,595.8
502123,2023-01-17,C100124,Powerbank,Электроника,1,1947.94,Казань,1947.94
500062,2023-12-17,C100559,Футболка,Одежда,1,836.31,Санкт-Петербург,836.31
501248,2023-08-19,C100670,Смартфон-чехол,Электроника,1,863.76,Екатеринбург,863.76
503459,2023-11-27,C100641,Парфюм,Красота,1,3501.15,Москва,3501.15
501260,2023-06-05,C100589,Крем для лица,Красота,2,1110.87,Екатеринбург,2221.74
500810,2023-11-13,C100045,Постельное белье,Дом и сад,1,2398.71,Москва,2398.71
502293,2023-04-30,C100296,Кроссовки,Одежда,2,5219.49,Новосибирск,10438.98
501050,2023-07-27,C100058,Куртка,Одежда,2,6453.4,Санкт-Петербург,12906.8
502818,2023-05-04,C100063,Крем для лица,Красота,1,1306.44,Санкт-Петербург,1306.44
500108,2023-11-07,C100642,Набор косметики,Красота,2,2530.41,Новосибирск,5060.82
502154,2023-12-14,C100840,Набор кастрюль,Дом и сад,1,3917.8,Москва,3917.8
500674,2023-10-04,C100241,Наушники,Электроника,1,2485.62,Новосибирск,2485.62
500666,2023-08-08,C100641,Джинсы,Одежда,1,3211.15,Новосибирск,3211.15
500510,2023-08-27,C100751,Велоперчатки,Спорт,2,1016.88,Новосибирск,2033.76
502180,2023-02-26,C100035,Кроссовки,Одежда,1,4715.55,Новосибирск,4715.55
501641,2023-04-16,C100635,Шапка,Одежда,1,730.5,Москва,730.5
502493,2023-05-03,C100061,Массажер,Красота,1,3717.58,Екатеринбург,3717.58
503047,2023-05-25,C100200,Bluetooth-колонка,Электроника,1,3202.87,Екатеринбург,3202.87
501533,2023-02-01,C100590,Настольная лампа,Дом и сад,1,1428.88,Санкт-Петербург,1428.88
500867,2023-02-08,C100812,Bluetooth-колонка,Электроника,1,3498.26,Санкт-Петербург,3498.26
501856,2023-08-16,C100546,Набор косметики,Красота,1,2898.91,Новосибирск,2898.91
501737,2023-05-29,C100751,Коврик для йоги,Спорт,2,1181.5,Москва,2363.0
500138,2023-03-07,C100134,Джинсы,Одежда,2,3665.78,Екатеринбург,7331.56
501061,2023-10-16,C100751,Органайзер,Дом и сад,1,906.21,Москва,906.21
503261,2023-11-18,C100751,Куртка,Одежда,1,7732.7,Казань,7732.7
502106,2023-05-09,C100670,Парфюм,Красота,1,3786.34,Санкт-Петербург,3786.34
503153,2023-05-07,C100561,Кроссовки,Одежда,1,5582.23,Санкт-Петербург,5582.23
501974,2023-08-01,C100099,Умные часы,Электроника,2,6578.43,Казань,13156.86
500590,2023-10-27,C100668,Смартфон-чехол,Электроника,1,796.96,Москва,796.96
502770,2023-01-22,C100182,Смартфон-чехол,Электроника,1,880.84,Новосибирск,880.84
503010,2023-02-18,C100546,Бутылка для воды,Спорт,1,609.45,Санкт-Петербург,609.45
500087,2023-05-30,C100060,Джинсы,Одежда,2,3399.02,Казань,6798.04
503336,2023-11-01,C100116,Рюкзак спортивный,Спорт,1,3167.76,Москва,3167.76
500772,2023-12-30,C100441,Смартфон-чехол,Электроника,2,807.37,Санкт-Петербург,1614.74
502734,2023-04-19,C100182,Плед,Дом и сад,1,1764.13,Казань,1764.13
501250,2023-05-07,C100616,Гантели,Спорт,1,2421.46,Екатеринбург,2421.46
500709,2023-11-03,C100698,Футболка,Одежда,1,823.2,Екатеринбург,823.2
502473,2023-02-10,C100297,Шапка,Одежда,1,699.48,Санкт-Петербург,699.48
503112,2023-10-04,C100209,Умные часы,Электроника,3,6292.79,Казань,18878.37
503060,2023-11-22,C100565,Парфюм,Красота,1,4282.64,Москва,4282.64
501861,2023-08-14,C100320,Джинсы,Одежда,1,2900.39,Санкт-Петербург,2900.39
502129,2023-09-11,C100809,Футболка,Одежда,1,998.04,Санкт-Петербург,998.04
503049,2023-07-03,C100489,Органайзер,Дом и сад,1,961.68,Москва,961.68
500419,2023-04-26,C100037,Наушники,Электроника,1,2662.86,Новосибирск,2662.86
501462,2023-03-27,C100574,Плед,Дом и сад,1,1606.94,Москва,1606.94
501485,2023-09-04,C100676,Настольная лампа,Дом и сад,1,1659.43,Новосибирск,1659.43
503197,2023-01-14,C100276,Бутылка для воды,Спорт,1,679.53,Екатеринбург,679.53
503322,2023-12-05,C100608,Плед,Дом и сад,1,1689.29,Новосибирск,1689.29
500852,2023-05-23,C100731,Powerbank,Электроника,1,1982.78,Екатеринбург,1982.78
501005,2023-08-01,C100433,Bluetooth-колонка,Электроника,1,3475.02,Новосибирск,3475.02
501997,2023-03-30,C100357,Парфюм,Красота,1,4252.18,Екатеринбург,4252.18
501835,2023-03-17,C100322,Powerbank,Электроника,1,1701.65,Санкт-Петербург,1701.65
502727,2023-11-07,C100599,Кроссовки,Одежда,1,5010.79,Казань,5010.79
500437,2023-08-20,C100101,Парфюм,Красота,2,4246.59,Новосибирск,8493.18
501317,2023-09-16,C100842,Плед,Дом и сад,1,1924.5,Москва,1924.5
501624,2023-03-28,C100539,Велоперчатки,Спорт,2,824.23,Санкт-Петербург,1648.46
501481,2023-09-27,C100737,Шампунь,Красота,2,544.18,Москва,1088.36
501649,2023-06-15,C100647,Органайзер,Дом и сад,1,876.55,Москва,876.55
501004,2023-01-30,C100643,Наушники,Электроника,3,2841.91,Москва,8525.73
501279,2023-02-11,C100363,Наушники,Электроника,1,2545.61,Санкт-Петербург,2545.61
501824,2023-11-04,C100765,Коврик для йоги,Спорт,1,1307.4,Новосибирск,1307.4
502800,2023-11-04,C100193,Коврик для йоги,Спорт,1,1292.92,Казань,1292.92
503324,2023-11-10,C100063,Велоперчатки,Спорт,1,963.64,Казань,963.64
501837,2023-10-02,C100569,Шампунь,Красота,1,577.42,Москва,577.42
503278,2023-11-01,C100138,Набор косметики,Красота,1,2662.1,Москва,2662.1
502353,2023-02-03,C100512,Набор кастрюль,Дом и сад,2,4248.04,Новосибирск,8496.08
502283,2023-07-17,C100765,Куртка,Одежда,3,7088.91,Новосибирск,21266.73
501547,2023-03-12,C100185,Набор косметики,Красота,1,2709.48,Москва,2709.48
500336,2023-09-01,C100386,Powerbank,Электроника,1,1732.49,Санкт-Петербург,1732.49
500089,2023-12-10,C100731,Powerbank,Электроника,1,1689.74,Москва,1689.74
500875,2023-02-07,C100373,Органайзер,Дом и сад,1,827.95,Москва,827.95
503030,2023-10-01,C100693,Смартфон-чехол,Электроника,1,734.14,Новосибирск,734.14
500544,2023-04-28,C100115,Настольная лампа,Дом и сад,1,1578.16,Новосибирск,1578.16
501242,2023-06-06,C100656,Набор косметики,Красота,1,2428.25,Казань,2428.25
501881,2023-11-05,C100040,Парфюм,Красота,1,3778.03,Москва,3778.03
503333,2023-12-28,C100726,Велоперчатки,Спорт,2,975.5,Новосибирск,1951.0
503149,2023-11-07,C100151,Шапка,Одежда,1,783.12,Санкт-Петербург,783.12
502270,2023-02-25,C100275,Bluetooth-колонка,Электроника,2,3677.24,Екатеринбург,7354.48
500320,2023-11-28,C100373,Гантели,Спорт,1,2196.07,Москва,2196.07
500520,2023-09-23,C100395,Настольная лампа,Дом и сад,1,1460.37,Санкт-Петербург,1460.37
502687,2023-08-02,C100153,Массажер,Красота,1,3690.66,Санкт-Петербург,3690.66
500879,2023-12-24,C100044,Куртка,Одежда,1,6722.67,Новосибирск,6722.67
500826,2023-05-23,C100242,Смартфон-чехол,Электроника,1,723.49,Москва,723.49
501291,2023-04-14,C100822,Парфюм,Красота,1,3866.31,Санкт-Петербург,3866.31
502960,2023-07-20,C100386,Органайзер,Дом и сад,1,812.34,Новосибирск,812.34
502937,2023-07-08,C100779,Шапка,Одежда,1,719.04,Казань,719.04
500139,2023-08-26,C100172,Умные часы,Электроника,1,6972.3,Москва,6972.3
500164,2023-11-21,C100501,Powerbank,Электроника,1,1778.74,Санкт-Петербург,1778.74
501619,2023-08-15,C100702,Набор косметики,Красота,1,2619.91,Санкт-Петербург,2619.91
503264,2023-12-31,C100065,Джинсы,Одежда,1,3149.54,Санкт-Петербург,3149.54
501792,2023-10-29,C100611,Массажер,Красота,1,3825.51,Екатеринбург,3825.51
501046,2023-07-15,C100476,Настольная лампа,Дом и сад,1,1410.02,Новосибирск,1410.02
500961,2023-09-24,C100570,Рюкзак спортивный,Спорт,1,3703.32,Новосибирск,3703.32
501751,2023-02-14,C100609,Наушники,Электроника,1,2405.18,,2405.18
502962,2023-06-05,C100828,Футболка,Одежда,2,822.91,Москва,1645.82
502622,2023-07-12,C100597,Настольная лампа,Дом и сад,1,1378.7,Москва,1378.7
501505,2023-02-27,C100152,Постельное белье,Дом и сад,1,2124.54,Санкт-Петербург,2124.54
502671,2023-09-18,C100751,Шампунь,Красота,1,579.64,Екатеринбург,579.64
503408,2023-11-22,C100053,Футболка,Одежда,1,894.09,Москва,894.09
501060,2023-04-24,C100079,Рюкзак спортивный,Спорт,1,3104.38,Казань,3104.38
503143,2023-11-02,C100483,Умные часы,Электроника,1,6077.18,Санкт-Петербург,6077.18
500656,2023-07-21,C100641,Bluetooth-колонка,Электроника,1,2909.44,Екатеринбург,2909.44
502065,2023-09-04,C100053,Гантели,Спорт,2,2327.45,Новосибирск,4654.9
502680,2023-06-26,C100095,Bluetooth-колонка,Электроника,2,3065.76,Новосибирск,6131.52
500138,2023-03-07,C100134,Джинсы,Одежда,2,3665.78,Екатеринбург,7331.56
502726,2023-02-19,C100277,Плед,Дом и сад,1,1824.96,Санкт-Петербург,1824.96
501977,2023-01-04,C100215,Постельное белье,Дом и сад,2,2114.89,Казань,4229.78
501582,2023-12-01,C100014,Футболка,Одежда,1,963.41,Екатеринбург,963.41
500698,2023-11-23,C100431,Постельное белье,Дом и сад,1,1897.58,Москва,1897.58
501098,2023-06-16,C100595,Плед,Дом и сад,1,1590.31,,1590.31
503411,2023-12-17,C100670,Набор кастрюль,Дом и сад,2,4430.66,Казань,8861.32
503015,2023-02-05,C100664,Органайзер,Дом и сад,1,840.69,Новосибирск,840.69
502454,2023-09-30,C100655,Кроссовки,Одежда,1,5481.82,Новосибирск,5481.82
502497,2023-05-09,C100294,Рюкзак спортивный,Спорт,1,3373.58,Казань,3373.58
501393,2023-06-29,C100637,Рюкзак спортивный,Спорт,1,3532.24,Санкт-Петербург,3532.24
503373,2023-12-23,C100449,Powerbank,Электроника,1,1710.46,Новосибирск,1710.46
501267,2023-06-28,C100671,Органайзер,Дом и сад,1,933.71,Казань,933.71
502376,2023-04-08,C100498,Bluetooth-колонка,Электроника,1,2884.59,Москва,2884.59
502366,2023-12-23,C100550,Powerbank,Электроника,1,2050.78,Москва,2050.78
500136,2023-11-05,C100324,Набор кастрюль,Дом и сад,1,3780.87,Москва,3780.87
501170,2023-12-12,C100063,Парфюм,Красота,1,3454.72,Казань,3454.72
502575,2023-06-18,C100378,Велоперчатки,Спорт,1,1025.85,Санкт-Петербург,1025.85
502136,2023-06-16,C100354,Джинсы,Одежда,1,3469.98,Новосибирск,3469.98
501504,2023-09-30,C100338,Джинсы,Одежда,1,3113.39,Москва,3113.39
501363,2023-07-16,C100487,Powerbank,Электроника,2,1666.04,Санкт-Петербург,3332.08
502772,2023-06-06,C100793,Наушники,Электроника,1,2411.69,Екатеринбург,2411.69
500149,2023-07-29,C100007,Крем для лица,Красота,1,1304.37,Москва,1304.37
500304,2023-04-21,C100075,Шапка,Одежда,1,801.43,Санкт-Петербург,801.43
501018,2023-07-15,C100113,Плед,Дом и сад,1,1918.47,Санкт-Петербург,1918.47
501925,2023-08-03,C100106,Настольная лампа,Дом и сад,1,1496.35,Казань,1496.35
501053,2023-10-17,C100387,Bluetooth-колонка,Электроника,1,3197.34,Москва,3197.34
503157,2023-03-11,C100455,Бутылка для воды,Спорт,1,585.65,Москва,585.65
502414,2023-05-24,C100521,Рюкзак спортивный,Спорт,3,3732.93,Казань,11198.79
503005,2023-10-22,C100665,Куртка,Одежда,2,6565.02,Москва,13130.04
501905,2023-05-30,C100361,Наушники,Электроника,1,2752.94,Екатеринбург,2752.94
503002,2023-05-14,C100148,Кроссовки,Одежда,1,5202.54,Новосибирск,5202.54
500199,2023-02-27,C100271,Набор косметики,Красота,1,2855.46,Москва,2855.46
501769,2023-03-03,C100007,Гантели,Спорт,1,2102.28,Новосибирск,2102.28
502241,2023-06-01,C100300,Настольная лампа,Дом и сад,1,1723.32,Санкт-Петербург,1723.32
500405,2023-11-09,C100426,Смартфон-чехол,Электроника,1,791.52,,791.52
503070,2023-05-01,C100363,Шампунь,Красота,1,586.48,Екатеринбург,586.48
503455,2023-12-06,C100684,Bluetooth-колонка,Электроника,1,3186.67,Москва,3186.67
500484,2023-01-26,C100387,Массажер,Красота,1,3920.65,Москва,3920.65
501183,2023-03-05,C100507,Футболка,Одежда,3,896.82,Санкт-Петербург,2690.46
501340,2023-03-06,C100020,Шампунь,Красота,1,518.54,Москва,518.54
501281,2023-03-23,C100594,Набор кастрюль,Дом и сад,2,4099.5,Москва,8199.0
501032,2023-01-17,C100757,Плед,Дом и сад,1,1746.27,Новосибирск,1746.27
500792,2023-06-30,C100102,Гантели,Спорт,1,2206.13,Казань,2206.13
500800,2023-08-02,C100840,Массажер,Красота,1,4101.56,Новосибирск,4101.56
502433,2023-08-27,C100484,Гантели,Спорт,1,2334.85,Москва,2334.85
501202,2023-07-09,C100700,Бутылка для воды,Спорт,1,542.88,Новосибирск,542.88
500423,2023-01-08,C100777,Набор косметики,Красота,1,2839.89,Новосибирск,2839.89
502363,2023-01-02,C100096,Велоперчатки,Спорт,1,845.26,Санкт-Петербург,845.26
503431,2023-12-27,C100669,Рюкзак спортивный,Спорт,1,3579.41,Казань,3579.41
501884,2023-07-19,C100519,Наушники,Электроника,1,2554.07,Екатеринбург,2554.07
503401,2023-11-22,C100142,Джинсы,Одежда,1,3542.83,Санкт-Петербург,3542.83
501480,2023-05-19,C100570,Bluetooth-колонка,Электроника,2,2915.18,Москва,5830.36
502592,2023-07-03,C100791,Умные часы,Электроника,1,7135.74,Екатеринбург,7135.74
501929,2023-05-14,C100610,Рюкзак спортивный,Спорт,1,3320.69,Москва,3320.69
502906,2023-03-18,C100176,Куртка,Одежда,1,7131.41,Казань,7131.41
501530,2023-03-31,C100082,Джинсы,Одежда,1,2939.13,Москва,2939.13
500903,2023-11-18,C100054,Коврик для йоги,Спорт,1,1374.49,Москва,1374.49
500686,2023-04-25,C100131,Гантели,Спорт,1,2438.28,Екатеринбург,2438.28
501552,2023-10-20,C100305,Смартфон-чехол,Электроника,1,825.52,Москва,825.52
503171,2023-11-05,C100483,Постельное белье,Дом и сад,1,2233.97,Москва,2233.97
500160,2023-02-28,C100561,Набор кастрюль,Дом и сад,1,4787.67,Екатеринбург,4787.67
501000,2023-10-23,C100324,Настольная лампа,Дом и сад,2,1416.5,Санкт-Петербург,2833.0
503309,2023-11-30,C100233,Коврик для йоги,Спорт,3,1177.14,Новосибирск,3531.42
503260,2023-11-10,C100645,Кроссовки,Одежда,1,5143.18,Москва,5143.18
502251,2023-09-24,C100582,Bluetooth-колонка,Электроника,1,3673.92,Москва,3673.92
500113,2023-09-28,C100001,Bluetooth-колонка,Электроника,1,3444.88,Москва,3444.88
503291,2023-12-17,C100751,Набор кастрюль,Дом и сад,1,4335.1,Казань,4335.1
501447,2023-09-28,C100789,Джинсы,Одежда,1,2981.69,Екатеринбург,2981.69
501953,2023-02-25,C100223,Плед,Дом и сад,1,1913.68,Казань,1913.68
500923,2023-10-17,C100242,Рюкзак спортивный,Спорт,1,3703.24,Москва,3703.24
501625,2023-04-23,C100413,Плед,Дом и сад,1,1723.38,Москва,1723.38
502977,2023-04-17,C100453,Рюкзак спортивный,Спорт,1,3909.09,Новосибирск,3909.09
501320,2023-09-15,C100576,Смартфон-чехол,Электроника,1,763.25,Новосибирск,763.25
501664,2023-12-27,C100452,Гантели,Спорт,2,2495.75,Казань,4991.5
500816,2023-05-30,C100710,Коврик для йоги,Спорт,1,1450.63,Москва,1450.63
503018,2023-02-24,C100754,Органайзер,Дом и сад,2,831.08,Новосибирск,1662.16
502267,2023-04-14,C100280,Парфюм,Красота,1,3441.0,Новосибирск,3441.0
501474,2023-04-03,C100168,Шапка,Одежда,1,734.1,Новосибирск,734.1
501774,2023-05-02,C100296,Коврик для йоги,Спорт,1,1369.16,Москва,1369.16
500680,2023-05-21,C100110,Набор кастрюль,Дом и сад,1,4448.96,Москва,4448.96
502951,2023-04-20,C100471,Умные часы,Электроника,1,6316.02,Казань,6316.02
501094,2023-09-15,C100592,Умные часы,Электроника,1,6122.5,Санкт-Петербург,6122.5
500081,2023-08-13,C100357,Гантели,Спорт,1,2099.24,Санкт-Петербург,2099.24
501951,2023-04-16,C100442,Крем для лица,Красота,1,1146.78,Казань,1146.78
503246,2023-12-19,C100592,Powerbank,Электроника,1,1641.86,Екатеринбург,1641.86
502838,2023-08-11,C100222,Настольная лампа,Дом и сад,3,1382.84,Санкт-Петербург,4148.52
501240,2023-10-13,C100835,Плед,Дом и сад,1,1558.47,Москва,1558.47
500330,2023-06-10,C100757,Куртка,Одежда,1,7736.78,Санкт-Петербург,7736.78
500243,2023-07-13,C100813,Наушники,Электроника,1,2309.1,Новосибирск,2309.1
502837,2023-08-03,C100187,Гантели,Спорт,1,2412.4,Новосибирск,2412.4
500642,2023-11-15,C100157,Постельное белье,Дом и сад,1,2345.48,Новосибирск,2345.48
500697,2023-08-07,C100070,Куртка,Одежда,1,7209.81,Новосибирск,7209.81
502258,2023-12-14,C100243,Powerbank,Электроника,1,1825.27,Москва,1825.27
501388,2023-01-06,C100223,Рюкзак спортивный,Спорт,1,3350.91,Казань,3350.91
500754,2023-02-06,C100037,Куртка,Одежда,1,7208.12,Екатеринбург,7208.12
500436,2023-08-24,C100117,Велоперчатки,Спорт,2,999.99,Москва,1999.98
501564,2023-05-27,C100722,Футболка,Одежда,1,878.67,Санкт-Петербург,878.67
501935,2023-03-20,C100654,Коврик для йоги,Спорт,1,1188.4,Москва,1188.4
503190,2023-08-04,C100592,Наушники,Электроника,1,2823.34,Санкт-Петербург,2823.34
501713,2023-06-01,C100398,Bluetooth-колонка,Электроника,1,3608.85,Новосибирск,3608.85
500552,2023-11-22,C100363,Смартфон-чехол,Электроника,2,880.05,Санкт-Петербург,1760.1
502886,2023-03-05,C100455,Велоперчатки,Спорт,1,840.01,Казань,840.01
503003,2023-01-15,C100230,Массажер,Красота,1,3716.38,Новосибирск,3716.38
500602,2023-07-04,C100322,Массажер,Красота,1,3716.57,Санкт-Петербург,3716.57
501965,2023-10-22,C100041,Умные часы,Электроника,3,7091.62,Москва,21274.86
501014,2023-06-07,C100564,Постельное белье,Дом и сад,1,2386.94,Казань,2386.94
502841,2023-08-10,C100347,Велоперчатки,Спорт,2,1016.99,Казань,2033.98
501428,2023-07-23,C100553,Постельное белье,Дом и сад,1,2385.09,Москва,2385.09
502013,2023-03-05,C100462,Шампунь,Красота,1,626.1,Казань,626.1
501387,2023-09-17,C100117,Набор косметики,Красота,1,2736.82,Екатеринбург,2736.82
501296,2023-07-13,C100299,Футболка,Одежда,1,876.4,Казань,876.4
500467,2023-02-12,C100516,Шапка,Одежда,1,757.69,Санкт-Петербург,757.69
501500,2023-02-02,C100833,Powerbank,Электроника,1,1945.25,Санкт-Петербург,1945.25
502967,2023-01-11,C100819,Bluetooth-колонка,Электроника,1,3609.06,Казань,3609.06
503388,2023-11-13,C100045,Постельное белье,Дом и сад,1,2398.71,Москва,2398.71
500278,2023-06-22,C100586,Футболка,Одежда,1,915.74,Санкт-Петербург,915.74
501070,2023-11-13,C100292,Парфюм,Красота,1,4035.81,Москва,4035.81
501549,2023-03-19,C100000,Умные часы,Электроника,1,6763.49,Москва,6763.49
501025,2023-03-16,C100602,Органайзер,Дом и сад,1,1009.79,Санкт-Петербург,1009.79
501466,2023-12-19,C100592,Powerbank,Электроника,1,1641.86,Екатеринбург,1641.86
500941,2023-08-21,C100828,Коврик для йоги,Спорт,1,1171.86,Казань,1171.86
503042,2023-08-06,C100378,Powerbank,Электроника,1,2037.85,Казань,2037.85
501467,2023-07-25,C100058,Постельное белье,Дом и сад,1,2345.96,Санкт-Петербург,2345.96
501324,2023-06-25,C100125,Парфюм,Красота,1,4049.05,Москва,4049.05
502676,2023-06-16,C100690,Шапка,Одежда,1,691.15,Санкт-Петербург,691.15
501400,2023-11-02,C100012,Джинсы,Одежда,1,3416.29,Москва,3416.29
502860,2023-06-27,C100832,Футболка,Одежда,2,1034.57,Москва,2069.14
501450,2023-10-24,C100419,Наушники,Электроника,3,2706.35,Санкт-Петербург,8119.05
500907,2023-11-07,C100054,Bluetooth-колонка,Электроника,2,3243.57,Москва,6487.14
503144,2023-07-28,C100204,Плед,Дом и сад,1,1926.17,Санкт-Петербург,1926.17
502612,2023-12-20,C100091,Джинсы,Одежда,2,3642.88,Казань,7285.76
501896,2023-06-29,C100076,Куртка,Одежда,1,7573.38,Казань,7573.38
500389,2023-07-18,C100007,Шампунь,Красота,1,601.59,,601.59
502071,2023-08-17,C100149,Кроссовки,Одежда,2,5770.05,Екатеринбург,11540.1
503051,2023-05-23,C100821,Смартфон-чехол,Электроника,1,858.7,Казань,858.7
502173,2023-12-09,C100743,Powerbank,Электроника,1,1791.07,Екатеринбург,1791.07
500881,2023-08-14,C100297,Смартфон-чехол,Электроника,1,820.01,Новосибирск,820.01
503159,2023-04-15,C100386,Настольная лампа,Дом и сад,1,1618.7,Москва,1618.7
500051,2023-06-24,C100130,Футболка,Одежда,1,976.68,Санкт-Петербург,976.68
501888,2023-06-22,C100780,Умные часы,Электроника,2,7302.08,Москва,14604.16
501703,2023-06-23,C100848,Органайзер,Дом и сад,1,859.87,Москва,859.87
503095,2023-02-05,C100457,Органайзер,Дом и сад,1,996.42,Москва,996.42
500134,2023-04-07,C100844,Смартфон-чехол,Электроника,1,780.67,Москва,780.67
501106,2023-02-02,C100245,Массажер,Красота,2,4263.3,Москва,8526.6
500704,2023-11-21,C100822,Велоперчатки,Спорт,1,834.35,Казань,834.35
500483,2023-08-19,C100598,Массажер,Красота,1,4556.59,Санкт-Петербург,4556.59
501146,2023-11-30,C100233,Коврик для йоги,Спорт,3,1177.14,Новосибирск,3531.42
502039,2023-03-06,C100599,Наушники,Электроника,1,2527.98,Санкт-Петербург,2527.98
503391,2023-12-28,C100637,Коврик для йоги,Спорт,1,1486.88,Санкт-Петербург,1486.88
500067,2023-11-19,C100617,Крем для лица,Красота,1,1153.43,Москва,1153.43
502314,2023-01-08,C100614,Постельное белье,Дом и сад,2,2179.75,Казань,4359.5
503043,2023-03-13,C100222,Набор косметики,Красота,1,2631.95,Екатеринбург,2631.95
500908,2023-07-26,C100002,Куртка,Одежда,3,6245.14,Екатеринбург,18735.42
500032,2023-09-07,C100757,Шампунь,Красота,1,506.33,Новосибирск,506.33
502466,2023-09-18,C100249,Рюкзак спортивный,Спорт,1,3109.3,Москва,3109.3
502681,2023-10-09,C100838,Бутылка для воды,Спорт,2,638.12,Новосибирск,1276.24
503275,2023-11-24,C100124,Набор косметики,Красота,1,2518.59,Екатеринбург,2518.59
500011,2023-07-28,C100766,Плед,Дом и сад,2,1594.17,Екатеринбург,3188.34
500065,2023-09-03,C100324,Бутылка для воды,Спорт,1,626.95,Новосибирск,626.95
500777,2023-01-23,C100807,Шампунь,Красота,1,563.73,Санкт-Петербург,563.73
500078,2023-11-26,C100292,Powerbank,Электроника,1,1806.49,Москва,1806.49
500492,2023-11-19,C100670,Постельное белье,Дом и сад,1,2287.8,Москва,2287.8
502904,2023-12-26,C100576,Органайзер,Дом и сад,1,903.19,Новосибирск,903.19
503019,2023-07-28,C100431,Умные часы,Электроника,1,6453.66,Москва,6453.66
502581,2023-01-18,C100035,Рюкзак спортивный,Спорт,2,3340.53,Санкт-Петербург,6681.06
502114,2023-08-24,C100101,Массажер,Красота,1,4689.97,Екатеринбург,4689.97
503186,2023-10-30,C100099,Парфюм,Красота,1,4127.61,Москва,4127.61
502345,2023-05-14,C100289,Шапка,Одежда,1,766.07,Казань,766.07
500592,2023-02-03,C100570,Умные часы,Электроника,1,6430.63,Санкт-Петербург,6430.63
501286,2023-02-10,C100667,Гантели,Спорт,2,2083.79,Санкт-Петербург,4167.58
503076,2023-12-22,C100209,Велоперчатки,Спорт,1,915.94,Москва,915.94
500725,2023-06-01,C100459,Bluetooth-колонка,Электроника,1,3179.64,Новосибирск,3179.64
502675,2023-10-06,C100176,Шапка,Одежда,1,687.61,Казань,687.61
503074,2023-09-06,C100668,Кроссовки,Одежда,1,4777.14,Санкт-Петербург,4777.14
501213,2023-12-03,C100811,Умные часы,Электроника,1,6224.84,Москва,6224.84
503363,2023-12-17,C100692,Коврик для йоги,Спорт,1,1402.29,Санкт-Петербург,1402.29
502300,2023-04-01,C100019,Плед,Дом и сад,1,1878.47,Санкт-Петербург,1878.47
503407,2023-12-09,C100812,Органайзер,Дом и сад,1,866.98,Санкт-Петербург,866.98
501638,2023-04-01,C100841,Powerbank,Электроника,1,1679.41,Екатеринбург,1679.41
503304,2023-12-20,C100338,Футболка,Одежда,1,903.04,Санкт-Петербург,903.04
503297,2023-11-19,C100606,Набор косметики,Красота,1,2498.45,Новосибирск,2498.45
503383,2023-12-24,C100018,Powerbank,Электроника,2,1648.36,Новосибирск,3296.72
500983,2023-12-17,C100120,Футболка,Одежда,1,987.67,Москва,987.67
500707,2023-10-30,C100731,Футболка,Одежда,1,922.2,Екатеринбург,922.2
502536,2023-06-08,C100704,Шапка,Одежда,3,636.16,Москва,1908.48
501688,2023-08-10,C100570,Бутылка для воды,Спорт,1,646.56,Новосибирск,646.56
503016,2023-03-28,C100334,Наушники,Электроника,1,2492.77,Санкт-Петербург,2492.77
500274,2023-08-29,C100566,Джинсы,Одежда,1,3426.05,,3426.05
501710,2023-01-12,C100825,Рюкзак спортивный,Спорт,2,3426.18,Екатеринбург,6852.36
503162,2023-08-17,C100807,Джинсы,Одежда,1,2960.96,Санкт-Петербург,2960.96
500964,2023-01-09,C100702,Гантели,Спорт,1,2182.61,Москва,2182.61
503210,2023-11-17,C100233,Массажер,Красота,1,4181.29,Екатеринбург,4181.29
503296,2023-11-29,C100747,Коврик для йоги,Спорт,1,1301.4,Казань,1301.4
503422,2023-11-04,C100118,Умные часы,Электроника,1,6845.92,Санкт-Петербург,6845.92
502460,2023-12-08,C100399,Шампунь,Красота,1,533.13,Москва,533.13
503069,2023-11-15,C100213,Массажер,Красота,1,4283.98,Санкт-Петербург,4283.98
502946,2023-11-11,C100566,Bluetooth-колонка,Электроника,1,3589.47,Москва,3589.47
501453,2023-12-03,C100164,Наушники,Электроника,1,2618.6,Новосибирск,2618.6
502716,2023-08-28,C100832,Набор косметики,Красота,1,2806.77,Екатеринбург,2806.77
500150,2023-11-16,C100641,Смартфон-чехол,Электроника,2,774.85,Новосибирск,1549.7
502693,2023-04-30,C100499,Постельное белье,Дом и сад,2,1891.12,Екатеринбург,3782.24
502768,2023-10-17,C100765,Плед,Дом и сад,1,1829.53,Казань,1829.53
501758,2023-11-21,C100469,Смартфон-чехол,Электроника,2,832.13,Москва,1664.26
500219,2023-05-16,C100420,Плед,Дом и сад,2,1875.18,Екатеринбург,3750.36
500240,2023-03-19,C100262,Powerbank,Электроника,1,1781.97,Санкт-Петербург,1781.97
501132,2023-12-23,C100679,Велоперчатки,Спорт,2,956.19,Екатеринбург,1912.38
503124,2023-12-16,C100318,Шампунь,Красота,1,598.72,Санкт-Петербург,598.72
502240,2023-01-27,C100188,Умные часы,Электроника,2,7273.47,Москва,14546.94
502382,2023-06-04,C100606,Powerbank,Электроника,1,1869.24,Москва,1869.24
501254,2023-09-03,C100155,Набор косметики,Красота,1,2345.53,Екатеринбург,2345.53
501054,2023-06-12,C100693,Powerbank,Электроника,1,1848.46,Казань,1848.46
501669,2023-08-13,C100616,Крем для лица,Красота,1,1101.49,Москва,1101.49
503100,2023-02-05,C100235,Футболка,Одежда,1,992.08,Казань,992.08
503427,2023-12-21,C100279,Наушники,Электроника,1,2500.53,Новосибирск,2500.53
501358,2023-04-21,C100605,Парфюм,Красота,1,4355.58,Казань,4355.58
500776,2023-05-27,C100643,Набор косметики,Красота,2,2842.15,Санкт-Петербург,5684.3
502631,2023-03-02,C100548,Набор кастрюль,Дом и сад,1,4356.26,Екатеринбург,4356.26
503020,2023-01-04,C100513,Рюкзак спортивный,Спорт,1,3459.57,Екатеринбург,3459.57
500840,2023-04-28,C100442,Бутылка для воды,Спорт,1,595.13,Санкт-Петербург,595.13
500628,2023-12-28,C100251,Органайзер,Дом и сад,1,820.6,Новосибирск,820.6
500324,2023-08-25,C100704,Крем для лица,Красота,1,1110.29,Москва,1110.29
503136,2023-02-28,C100054,Плед,Дом и сад,1,1835.2,Санкт-Петербург,1835.2
503392,2023-11-01,C100102,Органайзер,Дом и сад,1,1018.56,Новосибирск,1018.56
501868,2023-06-13,C100794,Массажер,Красота,1,4678.37,Казань,4678.37
501161,2023-02-16,C100633,Коврик для йоги,Спорт,1,1290.73,Казань,1290.73
501077,2023-08-14,C100220,Смартфон-чехол,Электроника,1,878.41,Екатеринбург,878.41
500438,2023-04-16,C100395,Футболка,Одежда,2,964.38,Москва,1928.76
500120,2023-10-05,C100693,Powerbank,Электроника,2,1627.32,Екатеринбург,3254.64
503050,2023-02-15,C100599,Коврик для йоги,Спорт,1,1398.15,Москва,1398.15
502851,2023-12-15,C100177,Массажер,Красота,2,4132.55,Казань,8265.1
503194,2023-06-12,C100096,Крем для лица,Красота,1,1379.12,Новосибирск,1379.12
501815,2023-06-03,C100321,Шампунь,Красота,1,590.68,Москва,590.68
501840,2023-09-09,C100418,Кроссовки,Одежда,1,5253.96,Екатеринбург,5253.96
501027,2023-07-18,C100063,Шапка,Одежда,1,802.49,Санкт-Петербург,802.49
500077,2023-10-10,C100379,Кроссовки,Одежда,1,5901.41,Екатеринбург,5901.41
500901,2023-12-08,C100180,Настольная лампа,Дом и сад,2,1360.18,Екатеринбург,2720.36
500372,2023-09-14,C100063,Плед,Дом и сад,2,1573.25,Санкт-Петербург,3146.5
501205,2023-12-08,C100777,Рюкзак спортивный,Спорт,1,3507.74,Новосибирск,3507.74
502940,2023-04-16,C100324,Футболка,Одежда,1,965.46,Москва,965.46
500942,2023-12-25,C100593,Джинсы,Одежда,1,3087.08,Санкт-Петербург,3087.08
502626,2023-10-26,C100590,Кроссовки,Одежда,1,5041.74,Москва,5041.74
500553,2023-04-08,C100101,Набор косметики,Красота,1,2747.5,Санкт-Петербург,2747.5
500407,2023-09-15,C100171,Наушники,Электроника,1,2498.42,Екатеринбург,2498.42
502118,2023-10-11,C100513,Powerbank,Электроника,2,1757.03,Казань,3514.06
501614,2023-09-29,C100150,Шапка,Одежда,1,791.93,Екатеринбург,791.93
500969,2023-06-08,C100828,Постельное белье,Дом и сад,2,1980.57,Санкт-Петербург,3961.14
502834,2023-12-21,C100428,Настольная лампа,Дом и сад,1,1511.61,Новосибирск,1511.61
503038,2023-05-12,C100129,Набор кастрюль,Дом и сад,1,4151.05,Екатеринбург,4151.05
502350,2023-02-23,C100730,Гантели,Спорт,1,2215.13,Казань,2215.13
501747,2023-12-05,C100563,Набор кастрюль,Дом и сад,1,3950.66,Екатеринбург,3950.66
500690,2023-09-04,C100633,Постельное белье,Дом и сад,1,2134.52,Москва,2134.52
501739,2023-05-05,C100756,Шапка,Одежда,1,732.97,Екатеринбург,732.97
500237,2023-08-21,C100373,Шампунь,Красота,1,506.4,Казань,506.4
503314,2023-12-26,C100590,Набор кастрюль,Дом и сад,1,4108.54,Москва,4108.54
501987,2023-04-28,C100186,Массажер,Красота,1,4434.49,Новосибирск,4434.49
501984,2023-11-10,C100645,Кроссовки,Одежда,1,5143.18,Москва,5143.18
502843,2023-09-11,C100241,Powerbank,Электроника,2,1978.1,Санкт-Петербург,3956.2
500500,2023-03-06,C100292,Набор косметики,Красота,1,2747.33,Казань,2747.33
500823,2023-10-20,C100826,Настольная лампа,Дом и сад,1,1446.49,,1446.49
500795,2023-12-16,C100412,Коврик для йоги,Спорт,1,1219.77,Новосибирск,1219.77
503024,2023-10-06,C100102,Наушники,Электроника,1,2697.36,Новосибирск,2697.36
500991,2023-06-29,C100150,Умные часы,Электроника,3,6153.43,Новосибирск,18460.29
500568,2023-01-01,C100321,Коврик для йоги,Спорт,1,1308.26,Новосибирск,1308.26
502436,2023-11-08,C100384,Рюкзак спортивный,Спорт,1,3568.56,Новосибирск,3568.56
500391,2023-07-16,C100131,Настольная лампа,Дом и сад,1,1492.22,Москва,1492.22
500744,2023-04-07,C100178,Набор косметики,Красота,1,2885.86,Санкт-Петербург,2885.86
502401,2023-11-11,C100708,Powerbank,Электроника,1,1978.72,Москва,1978.72
501218,2023-08-05,C100746,Бутылка для воды,Спорт,1,585.71,Москва,585.71
500236,2023-10-02,C100282,Шапка,Одежда,1,682.03,Москва,682.03
503199,2023-05-16,C100078,Кроссовки,Одежда,1,5310.33,Казань,5310.33
500481,2023-04-16,C100590,Парфюм,Красота,1,3946.7,Санкт-Петербург,3946.7
502043,2023-02-10,C100263,Наушники,Электроника,1,2539.55,Москва,2539.55
502616,2023-12-20,C100519,Набор косметики,Красота,1,0.0,Новосибирск,2794.21
501678,2023-12-24,C100270,Powerbank,Электроника,1,1795.96,Москва,1795.96
503175,2023-07-22,C100622,Кроссовки,Одежда,1,5030.05,Москва,5030.05
503347,2023-12-07,C100599,Рюкзак спортивный,Спорт,1,3428.41,Новосибирск,3428.41
503429,2023-11-20,C100355,Крем для лица,Красота,1,1363.29,Москва,1363.29
503062,2023-10-22,C100238,Джинсы,Одежда,2,3049.62,Казань,6099.24
500121,2023-01-12,C100534,Bluetooth-колонка,Электроника,1,3605.45,Новосибирск,3605.45
503218,2023-11-07,C100136,Плед,Дом и сад,1,1812.68,Казань,1812.68
501273,2023-05-08,C100617,Коврик для йоги,Спорт,1,1196.52,Москва,1196.52
500927,2023-12-06,C100493,Шампунь,Красота,1,501.16,Санкт-Петербург,501.16
502564,2023-11-09,C100614,Куртка,Одежда,1,7350.47,Санкт-Петербург,7350.47
501595,2023-02-06,C100076,Велоперчатки,Спорт,2,818.08,Москва,1636.16
500224,2023-12-03,C100690,Постельное белье,Дом и сад,1,2312.04,Москва,2312.04
500767,2023-02-07,C100726,Органайзер,Дом и сад,1,830.0,Санкт-Петербург,830.0
500614,2023-10-02,C100519,Крем для лица,Красота,1,1368.54,Новосибирск,1368.54
501246,2023-11-09,C100188,Набор кастрюль,Дом и сад,1,4070.12,Санкт-Петербург,4070.12
501541,2023-03-05,C100617,Постельное белье,Дом и сад,1,2250.53,,2250.53
500053,2023-01-21,C100455,Джинсы,Одежда,1,3248.03,Екатеринбург,3248.03
500530,2023-01-19,C100379,Куртка,Одежда,1,7178.47,Новосибирск,7178.47
502534,2023-11-23,C100046,Настольная лампа,Дом и сад,2,1560.19,Санкт-Петербург,3120.38
501900,2023-08-08,C100806,Смартфон-чехол,Электроника,1,874.94,Санкт-Петербург,874.94
503394,2023-11-07,C100098,Бутылка для воды,Спорт,1,587.25,Новосибирск,587.25
500819,2023-10-20,C100432,Куртка,Одежда,1,7293.56,Новосибирск,7293.56
500156,2023-04-01,C100241,Настольная лампа,Дом и сад,1,1714.26,Санкт-Петербург,1714.26
502649,2023-04-18,C100702,Рюкзак спортивный,Спорт,1,3316.69,Санкт-Петербург,3316.69
503334,2023-12-23,C100332,Массажер,Красота,2,4320.57,Новосибирск,8641.14
500249,2023-07-21,C100682,Бутылка для воды,Спорт,1,664.85,Казань,664.85
500762,2023-02-14,C100348,Футболка,Одежда,1,983.19,Москва,983.19
501895,2023-12-06,C100379,Набор кастрюль,Дом и сад,1,4443.06,Санкт-Петербург,4443.06
502030,2023-11-07,C100651,Шапка,Одежда,1,756.38,Новосибирск,756.38
503312,2023-12-27,C100697,Гантели,Спорт,1,2011.14,Москва,2011.14
501131,2023-11-14,C100599,Бутылка для воды,Спорт,1,593.43,,593.43
500543,2023-05-25,C100455,Набор кастрюль,Дом и сад,1,4689.48,Казань,4689.48
500794,2023-12-21,C100707,Настольная лампа,Дом и сад,2,1535.59,Екатеринбург,3071.18
501726,2023-11-20,C100577,Велоперчатки,Спорт,1,1003.3,Новосибирск,1003.3
502952,2023-01-09,C100720,Органайзер,Дом и сад,2,851.69,Екатеринбург,1703.38
500629,2023-11-08,C100703,Кроссовки,Одежда,1,4974.89,Новосибирск,4974.89
502199,2023-01-09,C100624,Органайзер,Дом и сад,1,827.27,Москва,827.27
503135,2023-07-01,C100725,Кроссовки,Одежда,2,5042.81,Екатеринбург,10085.62
502340,2023-12-06,C100539,Набор косметики,Красота,1,2884.45,Новосибирск,2884.45
502430,2023-09-19,C100832,Футболка,Одежда,1,947.44,Екатеринбург,947.44
503302,2023-12-08,C100041,Рюкзак спортивный,Спорт,1,3401.98,Москва,3401.98
502735,2023-11-02,C100182,Рюкзак спортивный,Спорт,1,3245.2,Москва,3245.2
501368,2023-07-01,C100230,Рюкзак спортивный,Спорт,1,3252.8,Новосибирск,3252.8
501621,2023-06-04,C100374,Массажер,Красота,1,4384.44,Москва,4384.44
503229,2023-12-09,C100431,Постельное белье,Дом и сад,1,1916.85,Санкт-Петербург,1916.85
502903,2023-05-26,C100410,Куртка,Одежда,1,6948.28,Новосибирск,6948.28
501072,2023-09-16,C100081,Футболка,Одежда,1,1027.61,Новосибирск,1027.61
500555,2023-07-28,C100182,Велоперчатки,Спорт,1,956.94,Москва,956.94
501829,2023-08-24,C100136,Bluetooth-колонка,Электроника,1,2995.87,Москва,2995.87
500827,2023-10-10,C100199,Рюкзак спортивный,Спорт,2,3149.76,Москва,6299.52
502612,2023-12-20,C100091,Джинсы,Одежда,2,3642.88,Казань,7285.76
501985,2023-05-27,C100340,Футболка,Одежда,1,894.65,Москва,894.65
503183,2023-01-06,C100276,Кроссовки,Одежда,2,5033.14,Екатеринбург,10066.28
501838,2023-03-21,C100271,Плед,Дом и сад,1,1858.12,Санкт-Петербург,1858.12
500536,2023-10-15,C100417,Шампунь,Красота,1,585.53,Москва,585.53
503097,2023-10-02,C100806,Массажер,Красота,1,3925.12,Екатеринбург,3925.12
502664,2023-08-03,C100807,Органайзер,Дом и сад,-1,970.38,Москва,1940.76
500155,2023-09-20,C100683,Наушники,Электроника,1,2597.64,Казань,2597.64
502987,2023-10-30,C100295,Смартфон-чехол,Электроника,1,842.45,Казань,842.45
503263,2023-12-08,C100607,Органайзер,Дом и сад,1,894.66,Москва,894.66
500323,2023-03-11,C100540,Куртка,Одежда,1,7689.48,Москва,7689.48
501711,2023-11-04,C100700,Джинсы,Одежда,1,3452.78,Санкт-Петербург,3452.78
500015,2023-01-04,C100156,Powerbank,Электроника,2,1788.88,Москва,3577.76
501799,2023-05-30,C100330,Массажер,Красота,1,4442.7,Екатеринбург,4442.7
503266,2023-12-29,C100516,Массажер,Красота,1,3899.79,Москва,3899.79
500083,2023-05-10,C100807,Куртка,Одежда,1,6497.1,Москва,6497.1
502561,2023-10-21,C100675,Рюкзак спортивный,Спорт,1,3809.69,Казань,3809.69
501944,2023-08-17,C100078,Набор кастрюль,Дом и сад,1,4466.75,Санкт-Петербург,4466.75
501989,2023-05-19,C100000,Умные часы,Электроника,2,7419.68,Новосибирск,14839.36
502673,2023-09-21,C100751,Наушники,Электроника,1,2708.98,Казань,2708.98
501384,2023-06-18,C100476,Гантели,Спорт,2,2326.22,Москва,4652.44
501575,2023-10-15,C100491,Смартфон-чехол,Электроника,1,887.6,Санкт-Петербург,887.6
503126,2023-08-03,C100144,Powerbank,Электроника,1,1792.51,Санкт-Петербург,1792.51
502059,2023-02-07,C100296,Велоперчатки,Спорт,1,838.85,Новосибирск,838.85
503338,2023-12-15,C100177,Массажер,Красота,2,4132.55,Казань,8265.1
501495,2023-11-24,C100219,Джинсы,Одежда,2,2908.36,Новосибирск,5816.72
500832,2023-07-27,C100756,Органайзер,Дом и сад,1,962.38,Новосибирск,962.38
502081,2023-09-06,C100163,Джинсы,Одежда,1,3197.33,Новосибирск,3197.33
501175,2023-02-15,C100133,Шапка,Одежда,1,719.37,Москва,719.37
500414,2023-03-31,C100838,Смартфон-чехол,Электроника,1,729.73,Санкт-Петербург,729.73
502629,2023-04-26,C100183,Рюкзак спортивный,Спорт,2,3697.77,Москва,7395.54
501818,2023-04-06,C100387,Велоперчатки,Спорт,1,1001.0,Москва,1001.0
500166,2023-10-11,C100232,Наушники,Электроника,1,2839.07,Казань,2839.07
502985,2023-10-06,C100720,Настольная лампа,Дом и сад,1,1688.41,Екатеринбург,1688.41
503385,2023-12-30,C100270,Шапка,Одежда,1,683.35,Новосибирск,683.35
500615,2023-12-18,C100546,Powerbank,Электроника,3,1750.52,Новосибирск,5251.56
501015,2023-05-14,C100054,Куртка,Одежда,1,6639.09,Москва,6639.09
502138,2023-06-01,C100702,Крем для лица,Красота,1,1086.84,Москва,1086.84
503448,2023-11-26,C100828,Органайзер,Дом и сад,1,918.24,Москва,918.24
502650,2023-04-05,C100734,Набор косметики,Красота,1,2899.33,Екатеринбург,2899.33
501238,2023-08-25,C100841,Велоперчатки,Спорт,1,871.32,Казань,871.32
502182,2023-09-28,C100199,Шапка,Одежда,1,675.43,Москва,675.43
500556,2023-11-17,C100233,Массажер,Красота,1,4181.29,Екатеринбург,4181.29
502369,2023-01-07,C100610,Бутылка для воды,Спорт,1,552.58,Новосибирск,552.58
503255,2023-12-13,C100209,Набор косметики,Красота,1,2795.17,Екатеринбург,2795.17
501212,2023-06-24,C100180,Шампунь,Красота,1,583.28,,583.28
503228,2023-12-05,C100635,Bluetooth-колонка,Электроника,1,3536.59,Москва,3536.59
500635,2023-12-02,C100075,Органайзер,Дом и сад,1,861.2,Санкт-Петербург,861.2
502601,2023-10-07,C100680,Powerbank,Электроника,1,1859.62,Москва,1859.62
501056,2023-01-24,C100766,Шапка,Одежда,1,779.95,Екатеринбург,779.95
502341,2023-12-25,C100694,Коврик для йоги,Спорт,1,1329.21,Санкт-Петербург,1329.21
501709,2023-10-01,C100361,Массажер,Красота,1,4275.28,Москва,4275.28
500797,2023-10-21,C100614,Органайзер,Дом и сад,1,978.01,Санкт-Петербург,978.01
503203,2023-12-09,C100524,Powerbank,Электроника,1,1693.35,Екатеринбург,1693.35
500175,2023-10-29,C100513,Парфюм,Красота,1,4058.29,Екатеринбург,4058.29
502815,2023-01-08,C100420,Плед,Дом и сад,1,1741.14,Москва,1741.14
500246,2023-08-22,C100498,Powerbank,Электроника,1,2017.51,Новосибирск,2017.51
501081,2023-08-17,C100657,Куртка,Одежда,1,6330.29,Казань,6330.29
501655,2023-02-27,C100702,Рюкзак спортивный,Спорт,1,3499.02,Санкт-Петербург,3499.02
503426,2023-11-24,C100166,Умные часы,Электроника,1,7196.32,Москва,7196.32
500145,2023-11-17,C100089,Органайзер,Дом и сад,1,897.31,Москва,897.31
500146,2023-09-17,C100779,Шапка,Одежда,2,763.26,Новосибирск,1526.52
500091,2023-03-23,C100513,Крем для лица,Красота,1,1256.94,Санкт-Петербург,1256.94
500683,2023-02-18,C100146,Настольная лампа,Дом и сад,1,1365.76,Екатеринбург,1365.76
500311,2023-05-24,C100576,Набор косметики,Красота,1,2955.48,Санкт-Петербург,2955.48
500094,2023-02-05,C100693,Крем для лица,Красота,1,1375.99,Москва,1375.99
503065,2023-07-12,C100336,Рюкзак спортивный,Спорт,2,3495.47,Москва,6990.94
501957,2023-12-11,C100001,Набор кастрюль,Дом и сад,1,4729.88,Москва,4729.88
500925,2023-11-07,C100306,Рюкзак спортивный,Спорт,1,3283.97,Москва,3283.97
503181,2023-03-08,C100399,Гантели,Спорт,1,2277.31,Казань,2277.31
501910,2023-12-03,C100294,Коврик для йоги,Спорт,1,1259.95,Москва,1259.95
501036,2023-11-02,C100453,Рюкзак спортивный,Спорт,1,3756.82,Москва,3756.82
501401,2023-12-28,C100637,Коврик для йоги,Спорт,1,1486.88,Санкт-Петербург,1486.88
502292,2023-05-17,C100507,Настольная лампа,Дом и сад,1,1668.07,Санкт-Петербург,1668.07
501501,2023-02-21,C100712,Набор косметики,Красота,1,2411.97,Москва,2411.97
502263,2023-05-09,C100213,Плед,Дом и сад,1,1828.85,Москва,1828.85
501469,2023-01-02,C100001,Плед,Дом и сад,1,1604.15,Санкт-Петербург,1604.15
500999,2023-03-23,C100164,Шапка,Одежда,1,630.61,Екатеринбург,630.61
500854,2023-03-20,C100062,Постельное белье,Дом и сад,1,2204.25,Москва,2204.25
502474,2023-07-09,C100305,Наушники,Электроника,1,2290.79,Новосибирск,2290.79
502205,2023-09-23,C100378,Органайзер,Дом и сад,1,907.28,Москва,907.28
501143,2023-02-24,C100367,Джинсы,Одежда,1,3622.88,Новосибирск,3622.88
501144,2023-07-27,C100104,Шапка,Одежда,2,746.98,Казань,1493.96
502275,2023-07-17,C100187,Кроссовки,Одежда,1,4834.56,Казань,4834.56
502945,2023-12-28,C100222,Крем для лица,Красота,1,1340.33,Санкт-Петербург,1340.33
502049,2023-09-08,C100619,Крем для лица,Красота,1,1157.52,Санкт-Петербург,1157.52
500402,2023-11-08,C100672,Шапка,Одежда,1,710.36,Москва,710.36
501104,2023-05-23,C100089,Шапка,Одежда,2,728.21,Казань,1456.42
500085,2023-08-03,C100183,Шапка,Одежда,3,645.48,Новосибирск,1936.44
502211,2023-02-05,C100101,Коврик для йоги,Спорт,1,1202.77,Новосибирск,1202.77
503341,2023-12-11,C100396,Наушники,Электроника,1,2422.76,Москва,2422.76
500115,2023-11-06,C100562,Органайзер,Дом и сад,1,1029.47,Казань,1029.47
502719,2023-10-19,C100702,Шампунь,Красота,1,625.38,Москва,625.38
503022,2023-01-18,C100361,Настольная лампа,Дом и сад,3,1422.59,Санкт-Петербург,4267.77
501586,2023-11-06,C100437,Массажер,Красота,1,4640.61,Новосибирск,4640.61
501568,2023-11-06,C100498,Наушники,Электроника,1,2266.61,Казань,2266.61
502938,2023-09-23,C100378,Powerbank,Электроника,1,1978.28,Москва,1978.28
501502,2023-05-25,C100835,Крем для лица,Красота,1,1164.31,Новосибирск,1164.31
501661,2023-08-29,C100418,Крем для лица,Красота,2,1180.58,Екатеринбург,2361.16
501557,2023-02-13,C100366,Кроссовки,Одежда,2,5078.52,Санкт-Петербург,10157.04
502008,2023-04-28,C100233,Органайзер,Дом и сад,1,811.0,Екатеринбург,811.0
500626,2023-05-26,C100763,Куртка,Одежда,1,7023.82,Казань,7023.82
501886,2023-10-05,C100401,Бутылка для воды,Спорт,1,555.18,Москва,555.18
501867,2023-10-02,C100449,Кроссовки,Одежда,1,5555.6,Москва,5555.6
500953,2023-11-18,C100550,Набор косметики,Красота,1,2848.26,Санкт-Петербург,2848.26
502856,2023-10-04,C100316,Куртка,Одежда,1,6456.3,Новосибирск,6456.3
502307,2023-01-03,C100831,Набор кастрюль,Дом и сад,2,4654.32,Казань,9308.64
500625,2023-01-23,C100367,Велоперчатки,Спорт,2,952.56,Новосибирск,1905.12
502875,2023-10-29,C100100,Бутылка для воды,Спорт,1,564.65,Москва,564.65
500235,2023-01-20,C100348,Футболка,Одежда,1,980.07,Москва,980.07
502184,2023-01-28,C100655,Плед,Дом и сад,2,1867.18,Москва,3734.36
502665,2023-05-02,C100609,Коврик для йоги,Спорт,1,1393.22,Москва,1393.22
502885,2023-04-11,C100845,Футболка,Одежда,1,982.91,Казань,982.91
502891,2023-08-13,C100240,Кроссовки,Одежда,2,5972.62,Москва,11945.24
502035,2023-02-08,C100295,Куртка,Одежда,1,7641.35,Москва,7641.35
503008,2023-08-08,C100513,Крем для лица,Красота,1,1325.44,Санкт-Петербург,1325.44
501827,2023-12-14,C100352,Крем для лица,Красота,1,1110.34,Москва,1110.34
503294,2023-11-28,C100071,Рюкзак спортивный,Спорт,2,3369.41,Москва,6738.82
502641,2023-05-03,C100007,Набор кастрюль,Дом и сад,2,3953.38,Екатеринбург,7906.76
501315,2023-05-20,C100364,Смартфон-чехол,Электроника,1,733.11,Казань,733.11
501526,2023-05-28,C100802,Постельное белье,Дом и сад,1,2401.86,Екатеринбург,2401.86
501563,2023-07-07,C100759,Крем для лица,Красота,2,1135.54,Санкт-Петербург,2271.08
501753,2023-01-23,C100639,Кроссовки,Одежда,1,5449.29,Екатеринбург,5449.29
501606,2023-09-23,C100155,Кроссовки,Одежда,1,5155.71,Новосибирск,5155.71
500344,2023-04-30,C100476,Велоперчатки,Спорт,1,828.17,Екатеринбург,828.17
503439,2023-11-06,C100624,Набор кастрюль,Дом и сад,1,4624.08,Москва,4624.08
502342,2023-12-25,C100497,Футболка,Одежда,2,919.64,Москва,1839.28
502413,2023-05-28,C100833,Бутылка для воды,Спорт,1,632.01,Казань,632.01
502227,2023-02-04,C100828,Наушники,Электроника,1,2659.35,Санкт-Петербург,2659.35
502708,2023-01-25,C100609,Рюкзак спортивный,Спорт,1,3359.66,Москва,3359.66
500997,2023-03-14,C100692,Массажер,Красота,1,4241.95,Москва,4241.95
502063,2023-03-25,C100661,Велоперчатки,Спорт,1,885.58,Екатеринбург,885.58
501111,2023-09-22,C100616,Джинсы,Одежда,1,3269.69,Казань,3269.69
502214,2023-11-10,C100152,Бутылка для воды,Спорт,3,556.3,Москва,1668.9
501360,2023-05-15,C100783,Плед,Дом и сад,1,1557.36,Новосибирск,1557.36
502108,2023-09-17,C100836,Шампунь,Красота,1,557.29,Москва,557.29
500710,2023-12-08,C100126,Массажер,Красота,2,4693.45,Казань,9386.9
501879,2023-10-09,C100668,Шампунь,Красота,1,574.72,Москва,574.72
502725,2023-06-28,C100075,Шапка,Одежда,1,683.55,Санкт-Петербург,683.55
501379,2023-10-31,C100693,Умные часы,Электроника,1,6276.67,Екатеринбург,6276.67
502829,2023-01-31,C100754,Коврик для йоги,Спорт,1,1437.47,Новосибирск,1437.47
500425,2023-12-30,C100166,Джинсы,Одежда,1,3662.43,Санкт-Петербург,3662.43
500293,2023-04-16,C100564,Парфюм,Красота,1,3670.37,Санкт-Петербург,3670.37
501066,2023-12-18,C100326,Смартфон-чехол,Электроника,2,759.02,Санкт-Петербург,1518.04
502922,2023-06-06,C100375,Смартфон-чехол,Электроника,1,879.68,,879.68
502378,2023-07-03,C100828,Настольная лампа,Дом и сад,1,1409.62,Новосибирск,1409.62
501639,2023-10-10,C100024,Джинсы,Одежда,1,3378.5,Москва,3378.5
502478,2023-03-06,C100281,Парфюм,Красота,1,3645.93,Москва,3645.93
501013,2023-02-18,C100698,Постельное белье,Дом и сад,1,2394.8,Москва,2394.8
502128,2023-08-09,C100054,Крем для лица,Красота,1,1204.59,Москва,1204.59
501718,2023-10-01,C100209,Футболка,Одежда,1,903.29,Москва,903.29
500938,2023-06-25,C100496,Наушники,Электроника,1,2616.47,Екатеринбург,2616.47
500835,2023-04-17,C100021,Набор косметики,Красота,1,2404.97,Казань,2404.97
502798,2023-10-03,C100136,Шампунь,Красота,2,530.0,Москва,1060.0
502939,2023-12-13,C100209,Набор косметики,Красота,1,2795.17,Екатеринбург,2795.17
500255,2023-05-26,C100751,Наушники,Электроника,1,2698.14,Москва,2698.14
501483,2023-11-03,C100655,Постельное белье,Дом и сад,1,2344.65,Москва,2344.65
503435,2023-12-17,C100062,Массажер,Красота,1,3790.41,Москва,3790.41
501408,2023-11-06,C100226,Наушники,Электроника,1,2619.5,Екатеринбург,2619.5
503367,2023-12-28,C100251,Органайзер,Дом и сад,1,820.6,Новосибирск,820.6
502185,2023-09-14,C100351,Наушники,Электроника,1,2821.92,Новосибирск,2821.92
502901,2023-04-17,C100635,Bluetooth-колонка,Электроника,1,2999.58,Казань,2999.58
500724,2023-02-06,C100539,Умные часы,Электроника,1,5957.83,Новосибирск,5957.83
502908,2023-03-14,C100828,Джинсы,Одежда,1,2926.32,Новосибирск,2926.32
500970,2023-09-09,C100352,Шампунь,Красота,1,501.53,Казань,501.53
500497,2023-09-17,C100220,Шампунь,Красота,2,527.54,Санкт-Петербург,1055.08
500951,2023-02-16,C100293,Кроссовки,Одежда,1,4816.6,Москва,4816.6
500806,2023-03-12,C100501,Настольная лампа,Дом и сад,1,1693.07,Казань,1693.07
501830,2023-11-09,C100428,Джинсы,Одежда,1,3509.49,Новосибирск,3509.49
502178,2023-07-28,C100270,Футболка,Одежда,1,848.09,Казань,848.09
501740,2023-12-16,C100690,Кроссовки,Одежда,1,4773.37,Казань,4773.37
500338,2023-08-28,C100734,Постельное белье,Дом и сад,1,2164.99,Санкт-Петербург,2164.99
500731,2023-01-29,C100001,Гантели,Спорт,1,2154.81,Санкт-Петербург,2154.81
500609,2023-05-31,C100177,Набор кастрюль,Дом и сад,1,4810.17,Москва,4810.17
501149,2023-08-29,C100498,Постельное белье,Дом и сад,2,1923.03,Санкт-Петербург,3846.06
502244,2023-10-03,C100102,Смартфон-чехол,Электроника,1,720.8,Москва,720.8
501714,2023-12-11,C100625,Шапка,Одежда,1,798.82,Москва,798.82
503451,2023-11-24,C100301,Коврик для йоги,Спорт,1,1222.71,Санкт-Петербург,1222.71
500910,2023-04-09,C100311,Powerbank,Электроника,3,2064.02,Санкт-Петербург,6192.06
502633,2023-12-10,C100222,Набор косметики,Красота,1,2939.08,Санкт-Петербург,2939.08
502152,2023-12-04,C100584,Умные часы,Электроника,1,6592.65,Новосибирск,6592.65
502011,2023-01-30,C100006,Органайзер,Дом и сад,1,844.32,Новосибирск,844.32
502492,2023-03-29,C100702,Парфюм,Красота,1,3703.91,Москва,3703.91
503352,2023-12-24,C100522,Коврик для йоги,Спорт,1,1218.66,Санкт-Петербург,1218.66
501811,2023-03-03,C100614,Шапка,Одежда,1,768.58,Екатеринбург,768.58
501995,2023-12-09,C100524,Powerbank,Электроника,1,1693.35,Екатеринбург,1693.35
500720,2023-09-06,C100007,Футболка,Одежда,1,1016.68,Москва,1016.68
502933,2023-04-29,C100173,Коврик для йоги,Спорт,1,1469.3,Новосибирск,1469.3
502825,2023-06-30,C100161,Куртка,Одежда,1,6754.08,Екатеринбург,6754.08
501570,2023-05-26,C100203,Powerbank,Электроника,1,1983.28,Новосибирск,1983.28
502898,2023-05-28,C100287,Наушники,Электроника,1,2822.2,Казань,2822.2
502943,2023-01-01,C100828,Куртка,Одежда,1,7052.75,Москва,7052.75
502276,2023-04-15,C100240,Постельное белье,Дом и сад,1,2148.3,Санкт-Петербург,2148.3
500435,2023-08-10,C100195,Постельное белье,Дом и сад,2,2412.27,Москва,4824.54
501300,2023-10-05,C100702,Парфюм,Красота,1,4242.67,Москва,4242.67
502175,2023-06-25,C100666,Крем для лица,Красота,2,1334.36,Новосибирск,2668.72
500406,2023-07-18,C100541,Умные часы,Электроника,1,5880.63,Санкт-Петербург,5880.63
502824,2023-02-04,C100260,Велоперчатки,Спорт,1,1009.09,Москва,1009.09
500822,2023-12-05,C100635,Bluetooth-колонка,Электроника,1,3536.59,Москва,3536.59
502760,2023-08-03,C100071,Bluetooth-колонка,Электроника,3,3662.67,Новосибирск,10988.01
501790,2023-02-18,C100565,Плед,Дом и сад,1,1836.74,Москва,1836.74
503369,2023-11-15,C100702,Постельное белье,Дом и сад,1,1913.77,Екатеринбург,1913.77
503109,2023-11-05,C100356,Крем для лица,Красота,2,1259.58,Новосибирск,2519.16
502352,2023-05-03,C100676,Смартфон-чехол,Электроника,1,904.19,Москва,904.19
502316,2023-07-08,C100812,Наушники,Электроника,2,2439.69,Екатеринбург,4879.38
501859,2023-04-30,C100637,Bluetooth-колонка,Электроника,1,2934.63,Москва,2934.63
501558,2023-04-03,C100063,Массажер,Красота,2,4547.66,Москва,9095.32
500546,2023-10-01,C100155,Настольная лампа,Дом и сад,1,1446.49,Санкт-Петербург,1446.49
500213,2023-11-03,C100514,Набор косметики,Красота,1,2856.96,Москва,2856.96
500897,2023-06-15,C100473,Кроссовки,Одежда,1,5300.39,Санкт-Петербург,5300.39
501942,2023-03-03,C100792,Джинсы,Одежда,2,3123.3,,6246.6
501892,2023-08-15,C100133,Bluetooth-колонка,Электроника,1,3510.82,Новосибирск,3510.82
500917,2023-03-20,C100133,Наушники,Электроника,2,2489.27,Новосибирск,4978.54
502724,2023-11-16,C100158,Смартфон-чехол,Электроника,3,770.02,Москва,2310.06
501290,2023-02-26,C100002,Рюкзак спортивный,Спорт,1,3408.74,Санкт-Петербург,3408.74
500815,2023-09-01,C100487,Шампунь,Красота,1,611.3,Екатеринбург,611.3
501266,2023-09-26,C100118,Настольная лампа,Дом и сад,1,1416.63,Москва,1416.63
500343,2023-11-20,C100129,Шапка,Одежда,1,771.2,Москва,771.2
502598,2023-07-03,C100655,Велоперчатки,Спорт,1,961.6,Москва,961.6
501411,2023-09-01,C100076,Гантели,Спорт,1,2295.56,Екатеринбург,2295.56
501215,2023-12-22,C100474,Коврик для йоги,Спорт,1,1333.9,Екатеринбург,1333.9
500967,2023-07-04,C100670,Настольная лампа,Дом и сад,1,1519.67,Москва,1519.67
501231,2023-04-14,C100774,Шампунь,Красота,1,501.78,Санкт-Петербург,501.78
502344,2023-01-16,C100610,Бутылка для воды,Спорт,1,548.78,Казань,548.78
500696,2023-03-19,C100402,Набор косметики,Красота,1,2565.57,Москва,2565.57
502122,2023-09-17,C100249,Бутылка для воды,Спорт,1,605.69,Новосибирск,605.69
500606,2023-06-19,C100104,Джинсы,Одежда,1,3016.96,Новосибирск,3016.96
500105,2023-06-15,C100188,Велоперчатки,Спорт,1,916.4,Казань,916.4
500646,2023-03-22,C100063,Футболка,Одежда,1,995.33,Екатеринбург,995.33
501405,2023-03-13,C100101,Крем для лица,Красота,1,1128.24,Казань,1128.24
500495,2023-06-15,C100665,Велоперчатки,Спорт,1,990.15,Новосибирск,990.15
503089,2023-02-20,C100353,Powerbank,Электроника,1,1807.85,Новосибирск,1807.85
502488,2023-01-15,C100537,Рюкзак спортивный,Спорт,1,3280.03,Санкт-Петербург,3280.03
501020,2023-12-29,C100070,Шапка,Одежда,2,743.77,Санкт-Петербург,1487.54
500092,2023-07-21,C100490,Органайзер,Дом и сад,1,943.72,Казань,943.72
501113,2023-03-12,C100425,Футболка,Одежда,1,1004.87,Москва,1004.87
503243,2023-11-14,C100270,Умные часы,Электроника,2,7138.64,Санкт-Петербург,14277.28
500909,2023-01-22,C100022,Шампунь,Красота,1,628.04,Москва,628.04
501475,2023-10-11,C100349,Джинсы,Одежда,2,3322.47,Санкт-Петербург,6644.94
501742,2023-09-17,C100542,Велоперчатки,Спорт,1,861.14,Казань,861.14
502151,2023-04-21,C100471,Велоперчатки,Спорт,1,889.79,Москва,889.79
500239,2023-10-29,C100120,Постельное белье,Дом и сад,1,2110.4,Санкт-Петербург,2110.4
503198,2023-09-22,C100271,Парфюм,Красота,1,3678.07,Санкт-Петербург,3678.07
500943,2023-09-24,C100295,Набор кастрюль,Дом и сад,1,4202.93,Москва,4202.93
501271,2023-08-07,C100817,Бутылка для воды,Спорт,1,671.38,Москва,671.38
500939,2023-03-31,C100180,Bluetooth-колонка,Электроника,1,3213.93,Санкт-Петербург,3213.93
501425,2023-06-07,C100321,Велоперчатки,Спорт,1,919.06,Екатеринбург,919.06
501863,2023-07-24,C100294,Кроссовки,Одежда,1,4690.58,Екатеринбург,4690.58
501670,2023-11-16,C100166,Шампунь,Красота,1,626.62,Санкт-Петербург,626.62
500006,2023-05-25,C100812,Парфюм,Красота,1,3452.18,Екатеринбург,3452.18
500248,2023-01-01,C100841,Рюкзак спортивный,Спорт,1,3797.46,Екатеринбург,3797.46
503014,2023-11-06,C100275,Умные часы,Электроника,1,7388.92,Санкт-Петербург,7388.92
500019,2023-07-04,C100095,Набор косметики,Красота,1,2597.44,Новосибирск,2597.44
502170,2023-11-07,C100658,Крем для лица,Красота,1,1138.96,Казань,1138.96
501971,2023-09-07,C100136,Коврик для йоги,Спорт,1,1228.7,Москва,1228.7
502710,2023-01-15,C100810,Плед,Дом и сад,1,1606.93,Новосибирск,1606.93
502233,2023-06-14,C100235,Кроссовки,Одежда,1,4959.52,Казань,4959.52
502323,2023-02-05,C100077,Рюкзак спортивный,Спорт,1,3342.96,Санкт-Петербург,3342.96
502482,2023-01-06,C100077,Набор косметики,Красота,1,2346.81,Москва,2346.81
500812,2023-08-04,C100603,Набор кастрюль,Дом и сад,3,4067.77,Москва,12203.31
501301,2023-03-03,C100779,Смартфон-чехол,Электроника,1,735.64,Екатеринбург,735.64
501336,2023-03-29,C100451,Набор кастрюль,Дом и сад,1,4142.86,Казань,4142.86
503353,2023-11-05,C100590,Наушники,Электроника,1,2578.11,Екатеринбург,2578.11
500261,2023-10-15,C100072,Кроссовки,Одежда,1,5318.69,Екатеринбург,5318.69
501805,2023-12-09,C100836,Кроссовки,Одежда,1,5152.3,Санкт-Петербург,5152.3
501571,2023-04-04,C100177,Постельное белье,Дом и сад,1,1891.59,Санкт-Петербург,1891.59
502230,2023-12-27,C100669,Рюкзак спортивный,Спорт,1,3579.41,Казань,3579.41
500185,2023-11-01,C100102,Органайзер,Дом и сад,1,1018.56,Новосибирск,1018.56
502455,2023-05-06,C100410,Массажер,Красота,1,4528.51,Казань,4528.51
501744,2023-08-20,C100574,Джинсы,Одежда,1,3206.51,Новосибирск,3206.51
502914,2023-07-31,C100133,Набор косметики,Красота,1,2635.37,Москва,2635.37
501631,2023-11-10,C100063,Велоперчатки,Спорт,1,963.64,Казань,963.64
501717,2023-05-12,C100232,Джинсы,Одежда,1,3471.31,Казань,3471.31
500521,2023-02-13,C100136,Шапка,Одежда,1,669.08,Санкт-Петербург,669.08
503052,2023-07-22,C100658,Powerbank,Электроника,1,1800.64,Москва,1800.64
502429,2023-04-21,C100608,Шапка,Одежда,1,637.89,Санкт-Петербург,637.89
502017,2023-05-31,C100272,Шапка,Одежда,1,701.64,Новосибирск,701.64
501659,2023-05-10,C100378,Умные часы,Электроника,1,6327.94,Екатеринбург,6327.94
501613,2023-12-26,C100655,Набор кастрюль,Дом и сад,1,4145.76,Санкт-Петербург,4145.76
502476,2023-07-14,C100590,Футболка,Одежда,1,944.45,Москва,944.45
502127,2023-08-15,C100315,Смартфон-чехол,Электроника,2,869.04,Екатеринбург,1738.08
503058,2023-10-02,C100794,Наушники,Электроника,1,2642.97,Санкт-Петербург,2642.97
503447,2023-11-28,C100373,Гантели,Спорт,1,2196.07,Москва,2196.07
500608,2023-05-15,C100412,Powerbank,Электроника,1,1665.51,Санкт-Петербург,1665.51
500231,2023-01-21,C100584,Кроссовки,Одежда,2,5408.85,Новосибирск,10817.7
503141,2023-05-04,C100390,Смартфон-чехол,Электроника,1,726.19,Екатеринбург,726.19
500332,2023-02-15,C100378,Шапка,Одежда,1,757.95,Санкт-Петербург,757.95
503106,2023-01-26,C100836,Постельное белье,Дом и сад,1,1961.78,Санкт-Петербург,1961.78
501441,2023-01-22,C100600,Powerbank,Электроника,1,1669.17,Санкт-Петербург,1669.17
501928,2023-06-07,C100619,Наушники,Электроника,1,2534.15,Москва,2534.15
501092,2023-12-21,C100064,Органайзер,Дом и сад,1,876.61,Москва,876.61
501102,2023-05-12,C100791,Настольная лампа,Дом и сад,2,1499.38,Казань,2998.76
501130,2023-12-08,C100607,Органайзер,Дом и сад,1,894.66,Москва,894.66
500462,2023-02-20,C100779,Набор косметики,Красота,3,2540.6,Новосибирск,7621.8
500959,2023-09-15,C100550,Парфюм,Красота,1,3471.86,Казань,3471.86
501663,2023-01-26,C100130,Бутылка для воды,Спорт,1,670.35,Москва,670.35
500560,2023-02-26,C100700,Powerbank,Электроника,2,2050.35,Казань,4100.7
502895,2023-12-14,C100345,Шапка,Одежда,2,778.0,Москва,1556.0
502739,2023-07-18,C100690,Крем для лица,Красота,1,1102.11,Москва,1102.11
503252,2023-12-06,C100293,Бутылка для воды,Спорт,1,674.74,Казань,674.74
501520,2023-09-09,C100285,Набор кастрюль,Дом и сад,2,4331.0,Екатеринбург,8662.0
502141,2023-02-20,C100324,Футболка,Одежда,1,836.66,Москва,836.66
503351,2023-12-24,C100062,Настольная лампа,Дом и сад,1,1553.65,Санкт-Петербург,1553.65
502033,2023-01-21,C100670,Набор кастрюль,Дом и сад,1,4479.87,Санкт-Петербург,4479.87
502485,2023-08-09,C100103,Велоперчатки,Спорт,1,1006.76,Москва,1006.76
502539,2023-09-18,C100565,Настольная лампа,Дом и сад,1,1423.29,Москва,1423.29
503264,2023-12-31,C100065,Джинсы,Одежда,1,3149.54,Санкт-Петербург,3149.54
502098,2023-06-24,C100674,Массажер,Красота,1,3843.41,Екатеринбург,3843.41
503289,2023-12-16,C100150,Коврик для йоги,Спорт,2,1254.02,Екатеринбург,2508.04
500070,2023-04-03,C100054,Bluetooth-колонка,Электроника,1,3110.25,Казань,3110.25
501573,2023-02-01,C100791,Футболка,Одежда,1,1019.54,Москва,1019.54
500809,2023-10-19,C100565,Набор кастрюль,Дом и сад,1,4272.92,Москва,4272.92
500012,2023-08-01,C100594,Органайзер,Дом и сад,1,949.53,Москва,949.53
502026,2023-02-16,C100780,Коврик для йоги,Спорт,2,1409.79,Москва,2819.58
502193,2023-07-18,C100271,Шапка,Одежда,1,717.24,Санкт-Петербург,717.24
500918,2023-07-15,C100242,Настольная лампа,Дом и сад,1,1413.95,Москва,1413.95
501452,2023-04-07,C100841,Массажер,Красота,1,3995.9,Москва,3995.9
502688,2023-12-06,C100239,Куртка,Одежда,1,7723.0,Новосибирск,7723.0
500177,2023-05-12,C100418,Настольная лампа,Дом и сад,1,1483.62,Новосибирск,1483.62
500995,2023-07-06,C100338,Крем для лица,Красота,1,1276.17,Санкт-Петербург,1276.17
502489,2023-12-11,C100225,Футболка,Одежда,1,860.09,Екатеринбург,860.09
502570,2023-06-01,C100296,Набор кастрюль,Дом и сад,1,4541.26,Москва,4541.26
503453,2023-12-26,C100429,Смартфон-чехол,Электроника,2,729.28,Санкт-Петербург,1458.56
503053,2023-08-12,C100590,Плед,Дом и сад,1,1951.0,Санкт-Петербург,1951.0
501256,2023-12-17,C100671,Парфюм,Красота,1,4106.56,Екатеринбург,4106.56
501665,2023-03-23,C100275,Наушники,Электроника,1,2599.47,Казань,2599.47
502192,2023-07-06,C100321,Плед,Дом и сад,1,1938.37,Новосибирск,1938.37
502802,2023-11-14,C100492,Постельное белье,Дом и сад,2,2315.74,Москва,4631.48
502568,2023-04-11,C100334,Смартфон-чехол,Электроника,2,839.58,Екатеринбург,1679.16
502981,2023-02-10,C100675,Парфюм,Красота,2,4113.76,Екатеринбург,8227.52
502871,2023-08-20,C100007,Гантели,Спорт,1,2283.79,Екатеринбург,2283.79
501791,2023-07-12,C100147,Гантели,Спорт,2,2361.1,Москва,4722.2
502477,2023-10-13,C100191,Шапка,Одежда,1,737.07,Москва,737.07
502661,2023-04-06,C100837,Куртка,Одежда,1,7559.53,Новосибирск,7559.53
503081,2023-12-02,C100791,Наушники,Электроника,1,2309.04,Москва,2309.04
500157,2023-05-02,C100282,Крем для лица,Красота,1,1321.2,Новосибирск,1321.2
502588,2023-06-05,C100676,Набор кастрюль,Дом и сад,1,4773.46,Екатеринбург,4773.46
501461,2023-06-03,C100570,Кроссовки,Одежда,1,4819.94,Новосибирск,4819.94
502047,2023-11-22,C100142,Джинсы,Одежда,1,3542.83,Санкт-Петербург,3542.83
501851,2023-04-14,C100596,Футболка,Одежда,1,821.72,Екатеринбург,821.72
502510,2023-02-02,C100639,Шампунь,Красота,2,612.57,Новосибирск,1225.14
502625,2023-03-24,C100322,Набор косметики,Красота,1,2362.65,Новосибирск,2362.65
502304,2023-05-24,C100484,Шампунь,Красота,1,594.77,Санкт-Петербург,594.77
503028,2023-01-17,C100229,Парфюм,Красота,1,3453.46,Новосибирск,3453.46
502006,2023-04-09,C100220,Джинсы,Одежда,1,3468.89,Казань,3468.89
501186,2023-06-08,C100513,Рюкзак спортивный,Спорт,1,3488.22,Екатеринбург,3488.22
501007,2023-12-28,C100726,Велоперчатки,Спорт,2,975.5,Новосибирск,1951.0
500561,2023-04-23,C100610,Джинсы,Одежда,1,3485.18,Москва,3485.18
502257,2023-10-20,C100378,Джинсы,Одежда,2,3572.63,Москва,7145.26
500911,2023-09-03,C100228,Футболка,Одежда,1,927.49,Новосибирск,927.49
501312,2023-04-10,C100355,Крем для лица,Красота,2,1180.94,Казань,2361.88
502050,2023-01-24,C100020,Джинсы,Одежда,1,3116.06,Казань,3116.06
500270,2023-09-23,C100460,Бутылка для воды,Спорт,1,655.28,Москва,655.28
501994,2023-04-21,C100379,Велоперчатки,Спорт,1,999.6,Москва,999.6
500266,2023-12-03,C100287,Смартфон-чехол,Электроника,1,723.12,Москва,723.12
500915,2023-02-24,C100295,Bluetooth-колонка,Электроника,1,3649.88,Санкт-Петербург,3649.88
502279,2023-03-18,C100702,Наушники,Электроника,1,2328.11,Москва,2328.11
502232,2023-02-24,C100807,Куртка,Одежда,2,6399.61,Москва,12799.22
503168,2023-02-06,C100519,Шампунь,Красота,1,533.09,Москва,533.09
503445,2023-11-06,C100557,Настольная лампа,Дом и сад,1,1410.87,Казань,1410.87
502913,2023-10-31,C100136,Постельное белье,Дом и сад,2,2285.62,Москва,4571.24
503115,2023-11-22,C100457,Шапка,Одежда,1,651.16,Новосибирск,651.16
500874,2023-05-24,C100614,Бутылка для воды,Спорт,3,645.32,Санкт-Петербург,1935.96
502094,2023-06-30,C100527,Коврик для йоги,Спорт,1,1389.94,Екатеринбург,1389.94
502447,2023-07-26,C100319,Крем для лица,Красота,1,1087.97,Санкт-Петербург,1087.97
500476,2023-06-04,C100690,Набор косметики,Красота,1,2471.1,Москва,2471.1
501653,2023-10-25,C100350,Джинсы,Одежда,1,3250.77,Екатеринбург,3250.77
501961,2023-06-29,C100576,Органайзер,Дом и сад,2,910.23,Санкт-Петербург,1820.46
500046,2023-04-12,C100347,Бутылка для воды,Спорт,1,643.31,Екатеринбург,643.31
500162,2023-12-10,C100244,Гантели,Спорт,1,2345.55,Москва,2345.55
503040,2023-01-04,C100353,Органайзер,Дом и сад,1,942.42,Москва,942.42
502776,2023-12-27,C100244,Смартфон-чехол,Электроника,1,724.03,Казань,724.03
502678,2023-11-15,C100364,Плед,Дом и сад,2,1688.65,Казань,3377.3
500289,2023-08-02,C100470,Джинсы,Одежда,1,3123.93,Новосибирск,3123.93
503108,2023-09-10,C100401,Крем для лица,Красота,2,1308.96,Москва,2617.92
503432,2023-12-09,C100777,Гантели,Спорт,1,2378.41,Новосибирск,2378.41
501949,2023-04-23,C100318,Куртка,Одежда,1,6239.34,Казань,6239.34
500576,2023-08-27,C100570,Шампунь,Красота,1,620.57,Новосибирск,620.57
500851,2023-12-20,C100244,Настольная лампа,Дом и сад,1,1496.04,Екатеринбург,1496.04
500912,2023-02-28,C100188,Бутылка для воды,Спорт,1,540.14,Москва,540.14
501255,2023-12-06,C100733,Велоперчатки,Спорт,1,900.33,Екатеринбург,900.33
501834,2023-10-07,C100361,Плед,Дом и сад,1,1839.34,Новосибирск,1839.34
501723,2023-03-23,C100513,Смартфон-чехол,Электроника,1,919.73,Казань,919.73
502134,2023-03-23,C100166,Массажер,Красота,1,4408.17,Екатеринбург,4408.17
501736,2023-03-26,C100209,Кроссовки,Одежда,1,4861.12,Екатеринбург,4861.12
500933,2023-02-12,C100211,Смартфон-чехол,Электроника,1,855.35,Екатеринбург,855.35
501101,2023-04-13,C100818,Органайзер,Дом и сад,2,1012.39,Казань,2024.78
501208,2023-12-30,C100432,Шапка,Одежда,1,680.41,Казань,680.41
502296,2023-02-09,C100765,Велоперчатки,Спорт,1,1013.69,Екатеринбург,1013.69
501844,2023-04-18,C100182,Кроссовки,Одежда,1,4943.52,Москва,4943.52
501849,2023-05-04,C100609,Массажер,Красота,1,4581.5,Новосибирск,4581.5
502525,2023-12-07,C100526,Куртка,Одежда,1,7747.36,Екатеринбург,7747.36
501695,2023-06-16,C100697,Шапка,Одежда,2,797.96,Санкт-Петербург,1595.92
500086,2023-01-27,C100136,Куртка,Одежда,2,6772.72,Казань,13545.44
500470,2023-12-31,C100576,Велоперчатки,Спорт,1,970.77,Екатеринбург,970.77
502274,2023-01-18,C100610,Powerbank,Электроника,1,1670.94,Новосибирск,1670.94
502823,2023-09-10,C100848,Шапка,Одежда,1,635.31,Екатеринбург,635.31
502380,2023-02-03,C100789,Массажер,Красота,1,4344.91,Москва,4344.91
500234,2023-08-16,C100693,Куртка,Одежда,-1,6590.17,Москва,6590.17
502637,2023-05-20,C100665,Гантели,Спорт,1,2314.37,Новосибирск,2314.37
502524,2023-07-14,C100191,Powerbank,Электроника,1,1764.24,Екатеринбург,1764.24
503415,2023-12-04,C100296,Постельное белье,Дом и сад,1,2085.97,Казань,2085.97
502648,2023-07-06,C100379,Набор кастрюль,Дом и сад,1,4805.63,Екатеринбург,4805.63
502470,2023-05-05,C100345,Постельное белье,Дом и сад,1,1913.39,Казань,1913.39
501712,2023-05-25,C100843,Bluetooth-колонка,Электроника,1,3182.21,Санкт-Петербург,3182.21
500183,2023-02-02,C100807,Джинсы,Одежда,1,3428.2,Санкт-Петербург,3428.2
500989,2023-07-29,C100751,Набор косметики,Красота,1,2883.12,Санкт-Петербург,2883.12
501001,2023-06-01,C100243,Постельное белье,Дом и сад,1,2163.72,Санкт-Петербург,2163.72
501642,2023-09-05,C100693,Куртка,Одежда,2,6968.0,Екатеринбург,13936.0
501357,2023-09-13,C100765,Плед,Дом и сад,1,1618.97,Санкт-Петербург,1618.97
501463,2023-12-17,C100341,Powerbank,Электроника,1,1907.3,Москва,1907.3
500050,2023-03-09,C100327,Куртка,Одежда,2,6990.89,Санкт-Петербург,13981.78
503358,2023-12-11,C100225,Футболка,Одежда,1,860.09,Екатеринбург,860.09
503078,2023-06-02,C100005,Рюкзак спортивный,Спорт,2,3807.59,Санкт-Петербург,7615.18
502578,2023-05-24,C100582,Шампунь,Красота,1,610.58,Казань,610.58
501259,2023-08-07,C100833,Коврик для йоги,Спорт,1,1306.98,Новосибирск,1306.98
500487,2023-08-03,C100114,Умные часы,Электроника,2,6779.77,Новосибирск,13559.54
503430,2023-11-26,C100211,Смартфон-чехол,Электроника,1,830.29,Казань,830.29
502546,2023-02-04,C100547,Куртка,Одежда,1,6286.83,Екатеринбург,6286.83
501909,2023-07-07,C100777,Джинсы,Одежда,3,2923.2,Новосибирск,8769.6
500107,2023-02-08,C100103,Наушники,Электроника,1,2734.01,Москва,2734.01
500444,2023-05-30,C100616,Набор косметики,Красота,1,2646.56,Казань,2646.56
501955,2023-04-02,C100599,Плед,Дом и сад,1,1768.61,Санкт-Петербург,1768.61
500647,2023-06-22,C100708,Парфюм,Красота,2,3813.82,Москва,7627.64
503085,2023-05-23,C100136,Крем для лица,Красота,2,1363.3,Екатеринбург,2726.6
501763,2023-12-21,C100793,Массажер,Красота,2,3981.83,Санкт-Петербург,7963.66
500727,2023-02-08,C100120,Парфюм,Красота,3,4338.41,Санкт-Петербург,13015.23
502239,2023-04-24,C100791,Рюкзак спортивный,Спорт,1,3318.55,Новосибирск,3318.55
501857,2023-12-04,C100321,Кроссовки,Одежда,2,5552.37,Москва,11104.74
502331,2023-04-01,C100512,Органайзер,Дом и сад,1,1021.56,Казань,1021.56
500030,2023-03-01,C100208,Бутылка для воды,Спорт,2,671.62,Казань,1343.24
500170,2023-06-29,C100606,Шампунь,Красота,1,496.71,Екатеринбург,496.71
501002,2023-12-22,C100473,Плед,Дом и сад,2,1743.73,Екатеринбург,3487.46
503253,2023-12-20,C100244,Настольная лампа,Дом и сад,1,1496.04,Екатеринбург,1496.04
502149,2023-07-14,C100504,Bluetooth-колонка,Электроника,2,3030.08,Новосибирск,6060.16
500198,2023-02-13,C100002,Умные часы,Электроника,1,6583.11,Москва,6583.11
500496,2023-02-10,C100214,Набор косметики,Красота,1,2488.08,Казань,2488.08
502027,2023-06-06,C100772,Смартфон-чехол,Электроника,1,870.99,Москва,870.99
500648,2023-08-28,C100832,Набор косметики,Красота,1,2841.97,Новосибирск,2841.97
503036,2023-10-03,C100079,Рюкзак спортивный,Спорт,1,3105.4,Екатеринбург,3105.4
500045,2023-05-06,C100029,Шапка,Одежда,2,659.03,Санкт-Петербург,1318.06
502759,2023-04-16,C100158,Шапка,Одежда,1,678.91,Екатеринбург,678.91
500374,2023-12-14,C100493,Шапка,Одежда,1,652.3,Москва,652.3
500679,2023-02-27,C100609,Рюкзак спортивный,Спорт,2,3342.3,Москва,6684.6
500567,2023-03-24,C100262,Наушники,Электроника,3,2645.14,Москва,7935.42
502896,2023-01-25,C100831,Наушники,Электроника,2,2796.1,Екатеринбург,5592.2
500461,2023-03-27,C100076,Гантели,Спорт,1,2021.25,Москва,2021.25
501933,2023-09-16,C100635,Плед,Дом и сад,1,1750.88,Екатеринбург,1750.88
501156,2023-08-14,C100617,Наушники,Электроника,1,2496.66,Екатеринбург,2496.66
500040,2023-02-06,C100355,Настольная лампа,Дом и сад,1,1580.36,Санкт-Петербург,1580.36
502483,2023-01-27,C100698,Набор косметики,Красота,1,2788.19,Казань,2788.19
500974,2023-09-01,C100751,Массажер,Красота,1,4250.49,Москва,4250.49
503288,2023-12-23,C100504,Умные часы,Электроника,2,6738.87,Санкт-Петербург,13477.74
503056,2023-10-17,C100808,Настольная лампа,Дом и сад,1,1523.3,Москва,1523.3
501787,2023-02-02,C100338,Рюкзак спортивный,Спорт,1,3413.77,Санкт-Петербург,3413.77
501499,2023-10-08,C100544,Крем для лица,Красота,1,1083.02,Москва,1083.02
502505,2023-12-24,C100104,Органайзер,Дом и сад,1,1006.87,Москва,1006.87
501836,2023-04-23,C100489,Шапка,Одежда,1,703.84,Новосибирск,703.84
502309,2023-11-06,C100259,Набор косметики,Красота,1,2610.25,Санкт-Петербург,2610.25
501841,2023-08-26,C100808,Футболка,Одежда,1,858.53,Санкт-Петербург,858.53
502084,2023-03-16,C100245,Куртка,Одежда,2,7323.16,Москва,14646.32
500828,2023-05-01,C100442,Набор кастрюль,Дом и сад,1,4530.97,Москва,4530.97
501936,2023-07-28,C100697,Настольная лампа,Дом и сад,2,0.0,Санкт-Петербург,2727.44
502045,2023-04-04,C100636,Парфюм,Красота,1,4186.47,Екатеринбург,4186.47
500310,2023-09-27,C100289,Органайзер,Дом и сад,1,859.88,Казань,859.88
500277,2023-01-27,C100386,Кроссовки,Одежда,2,4965.86,Екатеринбург,9931.72
500637,2023-03-09,C100679,Постельное белье,Дом и сад,2,1996.53,Москва,3993.06
500655,2023-09-30,C100814,Органайзер,Дом и сад,1,825.22,Казань,825.22
500623,2023-01-17,C100262,Набор косметики,Красота,1,2957.88,Санкт-Петербург,2957.88
501860,2023-09-11,C100316,Шампунь,Красота,1,546.85,Новосибирск,546.85
500845,2023-07-14,C100116,Настольная лампа,Дом и сад,1,1454.79,Екатеринбург,1454.79
500394,2023-11-16,C100751,Постельное белье,Дом и сад,1,1911.46,Казань,1911.46
502156,2023-01-05,C100363,Футболка,Одежда,1,981.35,Москва,981.35
500350,2023-11-11,C100305,Органайзер,Дом и сад,1,850.89,Москва,850.89
502573,2023-08-29,C100184,Смартфон-чехол,Электроника,1,723.07,Казань,723.07
500785,2023-12-04,C100142,Органайзер,Дом и сад,1,980.77,Новосибирск,980.77
500048,2023-03-15,C100226,Кроссовки,Одежда,1,5943.59,Москва,5943.59
501979,2023-02-09,C100191,Массажер,Красота,2,4609.3,Новосибирск,9218.6
502252,2023-07-09,C100382,Bluetooth-колонка,Электроника,1,3372.59,Екатеринбург,3372.59
501656,2023-12-26,C100590,Набор кастрюль,Дом и сад,1,4108.54,Москва,4108.54
502070,2023-10-21,C100063,Велоперчатки,Спорт,1,853.26,Новосибирск,853.26
500403,2023-04-30,C100104,Плед,Дом и сад,1,1649.09,Москва,1649.09
501108,2023-01-29,C100588,Powerbank,Электроника,1,2054.67,Санкт-Петербург,2054.67
501155,2023-11-12,C100066,Bluetooth-колонка,Электроника,1,3014.18,Санкт-Петербург,3014.18
501440,2023-05-28,C100791,Бутылка для воды,Спорт,2,581.83,Санкт-Петербург,1163.66
503460,2023-11-01,C100438,Рюкзак спортивный,Спорт,1,3719.35,Казань,3719.35
502002,2023-11-27,C100076,Настольная лампа,Дом и сад,1,1672.55,Екатеринбург,1672.55
500990,2023-03-10,C100249,Набор кастрюль,Дом и сад,1,3890.9,Санкт-Петербург,3890.9
501866,2023-01-28,C100601,Джинсы,Одежда,1,3491.06,Екатеринбург,3491.06
502790,2023-09-22,C100529,Крем для лица,Красота,1,1376.0,Санкт-Петербург,1376.0
501311,2023-05-23,C100700,Рюкзак спортивный,Спорт,1,3505.41,Москва,3505.41
503196,2023-11-12,C100553,Смартфон-чехол,Электроника,2,747.43,Екатеринбург,1494.86
500034,2023-05-04,C100498,Набор кастрюль,Дом и сад,1,4532.45,Казань,4532.45
500788,2023-12-24,C100381,Смартфон-чехол,Электроника,1,723.6,Казань,723.6
502972,2023-02-24,C100198,Набор кастрюль,Дом и сад,-1,4174.74,Екатеринбург,4174.74
501044,2023-02-26,C100364,Джинсы,Одежда,1,2905.37,Москва,2905.37
500482,2023-12-24,C100522,Коврик для йоги,Спорт,1,1218.66,Санкт-Петербург,1218.66
501244,2023-08-21,C100006,Bluetooth-колонка,Электроника,1,3284.79,Москва,3284.79
502628,2023-08-02,C100442,Настольная лампа,Дом и сад,1,1405.87,Москва,1405.87
502530,2023-10-07,C100136,Настольная лампа,Дом и сад,1,1452.35,Екатеринбург,1452.35
500932,2023-05-17,C100123,Джинсы,Одежда,1,3240.43,Санкт-Петербург,3240.43
502405,2023-11-29,C100221,Коврик для йоги,Спорт,3,1378.44,Санкт-Петербург,4135.32
501686,2023-05-03,C100361,Гантели,Спорт,1,2069.03,Санкт-Петербург,2069.03
501249,2023-04-21,C100057,Набор кастрюль,Дом и сад,1,3808.09,Санкт-Петербург,3808.09
500760,2023-08-15,C100516,Наушники,Электроника,1,2538.32,Москва,2538.32
500093,2023-06-05,C100078,Рюкзак спортивный,Спорт,1,3461.02,Москва,3461.02
501176,2023-07-17,C100692,Наушники,Электроника,2,2814.95,Москва,5629.9
501416,2023-04-25,C100550,Футболка,Одежда,1,1016.82,Москва,1016.82
501342,2023-06-20,C100356,Набор кастрюль,Дом и сад,1,4228.37,Казань,4228.37
501473,2023-09-13,C100413,Bluetooth-колонка,Электроника,1,2886.95,Казань,2886.95
502852,2023-09-24,C100566,Массажер,Красота,1,3796.51,Санкт-Петербург,3796.51
502794,2023-08-18,C100205,Джинсы,Одежда,2,3115.65,Екатеринбург,6231.3
502328,2023-01-09,C100428,Умные часы,Электроника,1,7424.46,Москва,7424.46
501608,2023-06-11,C100151,Кроссовки,Одежда,1,5394.19,Санкт-Петербург,5394.19
500765,2023-12-18,C100563,Крем для лица,Красота,2,1318.8,Москва,2637.6
502653,2023-05-19,C100822,Бутылка для воды,Спорт,1,659.8,Москва,659.8
503458,2023-11-07,C100151,Шапка,Одежда,1,783.12,Санкт-Петербург,783.12
501374,2023-12-31,C100704,Шампунь,Красота,1,502.4,Москва,502.4
501952,2023-10-05,C100155,Набор косметики,Красота,2,2665.13,Москва,5330.26
502449,2023-07-22,C100625,Умные часы,Электроника,1,5924.08,Москва,5924.08
501729,2023-07-19,C100334,Органайзер,Дом и сад,1,922.09,Санкт-Петербург,922.09
500258,2023-02-17,C100079,Набор кастрюль,Дом и сад,1,4817.59,Москва,4817.59
500945,2023-11-29,C100756,Органайзер,Дом и сад,1,1025.1,Екатеринбург,1025.1
503145,2023-01-22,C100063,Джинсы,Одежда,1,3206.63,Екатеринбург,3206.63
501220,2023-03-25,C100684,Умные часы,Электроника,2,6870.34,Санкт-Петербург,13740.68
501162,2023-05-07,C100353,Шампунь,Красота,1,559.97,Санкт-Петербург,559.97
502543,2023-01-25,C100697,Плед,Дом и сад,1,1727.09,Москва,1727.09
500773,2023-06-11,C100311,Рюкзак спортивный,Спорт,1,3382.19,Москва,3382.19
502599,2023-01-19,C100044,Bluetooth-колонка,Электроника,2,2926.44,Москва,5852.88
501487,2023-07-28,C100670,Парфюм,Красота,1,4093.12,Москва,4093.12
502250,2023-11-05,C100590,Наушники,Электроника,1,2578.11,Екатеринбург,2578.11
500313,2023-11-23,C100723,Гантели,Спорт,1,2196.0,Санкт-Петербург,2196.0
500291,2023-12-27,C100702,Смартфон-чехол,Электроника,1,832.01,Москва,832.01
503262,2023-11-09,C100428,Джинсы,Одежда,1,3509.49,Новосибирск,3509.49
500764,2023-11-08,C100775,Плед,Дом и сад,2,1835.87,Казань,3671.74
503185,2023-11-25,C100401,Шампунь,Красота,1,610.01,Казань,610.01
502998,2023-04-22,C100815,Футболка,Одежда,1,991.95,Москва,991.95
500184,2023-06-25,C100828,Смартфон-чехол,Электроника,1,747.66,Москва,747.66
501177,2023-06-04,C100106,Куртка,Одежда,1,7473.4,Казань,7473.4
501350,2023-04-25,C100304,Крем для лица,Красота,1,1373.31,Новосибирск,1373.31
503117,2023-11-17,C100387,Футболка,Одежда,1,851.78,Казань,851.78
503079,2023-03-13,C100178,Массажер,Красота,1,4303.69,Новосибирск,4303.69
502299,2023-06-15,C100599,Массажер,Красота,1,4672.25,Москва,4672.25
502872,2023-11-24,C100124,Набор косметики,Красота,1,2518.59,Екатеринбург,2518.59
501100,2023-05-22,C100452,Набор кастрюль,Дом и сад,1,4448.84,Москва,4448.84
502989,2023-01-23,C100665,Кроссовки,Одежда,1,5249.75,Москва,5249.75
500392,2023-05-27,C100702,Набор кастрюль,Дом и сад,2,4103.53,Санкт-Петербург,8207.06
501920,2023-03-08,C100334,Рюкзак спортивный,Спорт,1,3659.47,Москва,3659.47
501457,2023-04-20,C100452,Рюкзак спортивный,Спорт,1,3432.65,Москва,3432.65
501093,2023-06-09,C100208,Органайзер,Дом и сад,1,878.77,Москва,878.77
502023,2023-06-04,C100412,Кроссовки,Одежда,1,5108.07,Санкт-Петербург,5108.07
503240,2023-11-23,C100431,Постельное белье,Дом и сад,1,1897.58,Москва,1897.58
500905,2023-12-27,C100351,Набор косметики,Красота,1,2884.9,Казань,2884.9
502779,2023-01-07,C100432,Коврик для йоги,Спорт,1,1182.12,Санкт-Петербург,1182.12
502603,2023-08-11,C100528,Наушники,Электроника,1,2766.19,Санкт-Петербург,2766.19
500367,2023-09-28,C100319,Крем для лица,Красота,1,1117.69,Казань,1117.69
500346,2023-03-14,C100101,Гантели,Спорт,2,2092.78,Новосибирск,4185.56
502584,2023-04-09,C100731,Наушники,Электроника,1,2543.61,Новосибирск,2543.61
503041,2023-04-22,C100512,Рюкзак спортивный,Спорт,2,3329.88,Новосибирск,6659.76
503258,2023-11-05,C100040,Парфюм,Красота,1,3778.03,Москва,3778.03
501373,2023-08-16,C100472,Органайзер,Дом и сад,1,996.36,Новосибирск,996.36
501640,2023-09-26,C100262,Крем для лица,Красота,1,1138.78,Екатеринбург,1138.78
500920,2023-12-19,C100275,Умные часы,Электроника,1,6931.18,Санкт-Петербург,6931.18
500212,2023-03-10,C100417,Велоперчатки,Спорт,1,820.96,Москва,820.96
501604,2023-12-09,C100812,Органайзер,Дом и сад,1,866.98,Санкт-Петербург,866.98
502551,2023-01-14,C100630,Куртка,Одежда,1,6655.6,Москва,6655.6
500538,2023-10-31,C100117,Смартфон-чехол,Электроника,2,918.24,Санкт-Петербург,1836.48
501221,2023-09-20,C100234,Шапка,Одежда,1,721.8,Новосибирск,721.8
500176,2023-06-08,C100040,Постельное белье,Дом и сад,1,1907.26,Санкт-Петербург,1907.26
